Sektor,Unit,Tugas,Peruntukan,Nama Program,"Bilangan
Peserta",Tarikh Mula,Tarikh Tamat,Nama Pegawai Bertanggungjawab,Gred Pegawai,Status Pelaksanaan,JUSTIFIKASI BELUM BERMULA/DIPINDA/DIBATALKAN,0S21000 (a1),OS24000 (a2),OS27000 (a3),OS29000 (a4),JUMLAH ANGGARAN PERBELANJAAN (a1+a2+a3+a4),0S21000 (b1),OS24000 (b2),OS27000 (b3),OS29000 (b4),JUMLAH KOMITMEN (b1+b2+b3+b4),eventCalendar,__PowerAppsId__
SPIP,Unit Institusi Pendidikan Cemerlang,Bengkel,DSA(JN),BENGKEL KERJA PENYELARASAN PELAKSANAAN PEMERIKSAAN PENUH TAHUN 2025,40,15/01/2025,17/01/2025,MARNIZA IZLEENA BINTI ZUBER,DG12,Selesai,,12000,0,0,3730,15730,12000,0,0,3730,15730,,
SPIP,Unit Institusi Pendidikan Cemerlang,Uji Rintis,DSA(JN),TINJAUAN RINTIS PEMERIKSAAN PENUH 2.0 TAHUN 2025,84,24/02/2025,28/02/2025,MARNIZA IZLEENA BINTI ZUBER,DG12,Selesai,,11000,,,,11000,11000,,,,11000,,
SPIP,Unit Institusi Pendidikan Cemerlang,Bengkel,DSA(JN),BENGKEL KERJA POST-MORTEM TINJAUAN RINTIS PEMERIKSAAN PENUH 2.0 TAHUN 2025,40,10/03/2025,11/03/2025,MARNIZA IZLEENA BINTI ZUBER,DG12,Selesai,,9000,,,,9000,9000,,,,9000,,
SPIP,Unit Institusi Pendidikan Cemerlang,Pemeriksaan,DSA(JN),PEMERIKSAAN PENUH 2.0 SIRI 1 TAHUN 2025,208,06/04/2025,25/04/2025,MARNIZA IZLEENA BINTI ZUBER,DG12,Selesai,,220000,,,,220000,220000,,,,220000,,
SPIP,Unit Institusi Pendidikan Cemerlang,Bengkel,DSA(JN),BENGKEL KERJA PENULISAN RUMUSAN LAPORAN PEMERIKSAAN PENUH 2.0 TAHUN 2025 ,45,21/05/2025,23/05/2025,MARNIZA IZLEENA BINTI ZUBER,DG12,Selesai,,14500,,,,14500,14500,,,,14500,,
SPIP,Unit Institusi Pendidikan Cemerlang,Bengkel,TS25 (BPG),BENGKEL KERJA PEMBINAAN KERTAS KONSEP DAN INSTRUMEN PEMERIKSAAN PELAKSANAAN PROGRAM TS25 TAHUN 2025,10,06/05/2025,07/05/2025,MARNIZA IZLEENA BINTI ZUBER,DG12,Selesai,,2601,,,300,2901,2601,,,300,2901,,
SPIP,Unit Institusi Pendidikan Cemerlang,Uji Rintis,TS25 (BPG),UJI RINTIS PEMERIKSAAN PELAKSANAAN PROGRAM TS25 TAHUN 2025,15,13/05/2025,15/05/2025,MARNIZA IZLEENA BINTI ZUBER,DG12,Dibatalkan,,2124,,,,2124,2124,,,,2124,,
SPIP,Unit Institusi Pendidikan Cemerlang,Pemeriksaan,TS25 (BPG),PEMERIKSAAN PELAKSANAAN PROGRAM TS25 TAHUN 2025,93,08/06/2025,27/06/2025,MARNIZA IZLEENA BINTI ZUBER,DG12,Belum bermula,,60259,,,,60259,60259,,,,60259,,
SPIP,Unit Guru Cemerlang,Bengkel,DSA(JN),BENGKEL KERJA PEMURNIAN INSTRUMEN GCPC TAHUN 2025,24,25/03/2025,27/03/2025,WAN MOHD SIDQI BIN WAN ABD GHAFAR,DG12,Selesai,,27745.7,,,,27745.7,27745.7,,,,27745.7,,
SPIP,Unit Guru Cemerlang,Bengkel,DSA(JN),BENGKEL KERJA SARINGAN AWAL PERMOHONAN GCPC TAHUN 2025,20,13/05/2025,16/05/2025,MUSTAPA BIN DAUD,DG13,Selesai,,38841.8,,,,38841.8,38841.8,,,,38841.8,,
SPIP,Unit Guru Cemerlang,Bengkel,DSA(JN),BENGKEL KERJA PENAMBAHBAIKAN INSTRUMEN PENILAIAN GURU CEMERLANG DAN PENSYARAH CEMERLANG (GCPC) TAHUN 2025,10,26/05/2025,28/05/2025,MUSTAPA BIN DAUD,DG13,Selesai,,7305.6,,,,7305.6,7305.6,,,,7305.6,,
SPIP,Unit Guru Cemerlang,Rakaman Video,DSA(JN),PROSES RAKAMAN VIDEO ANUGERAH TOKOH GURU KEBANGSAAN (ATGK) TAHUN 2025,3,07/05/2025,08/05/2025,MUSTAPA BIN DAUD,DG13,Dipinda,Perubahan penerima tokoh Hari Guru,2742.8,,,,2742.8,2742.8,,,,2742.8,,
SPIP,Unit Guru Cemerlang,Rakaman Video,DSA(JN),PROSES RAKAMAN DAN SESI TEMU BUAL SEMPENA ULANG TAHUN PMCA YANG KE 10 BAGI PENERIMA ANUGERAH PRINCESS MAHA CHAKRI TAHUN 2023,2,03/05/2025,04/05/2025,MOHD AZIZI BIN ALIAS,DG10,Selesai,,2565,,,,2565,2565,,,,2565,,
SPIP,Unit Guru Cemerlang,Pameran,DSA(JN),PAMERAN PELANCARAN SEMPENA GERAK MASSA #terimakasihcikgu Tahun 2025,6,11/04/2025,13/04/2025,MUSTAPA BIN DAUD,DG13,Selesai,,6860,,,,6860,6860,,,,6860,,
SPIP,Unit Pendidikan Khusus,Pemeriksaan,DSA(JN),BENGKEL KERJA PENYEDIAAN RUMUSAN LAPORAN TINJAUAN PELAKSANAAN TUJUH LANGKAH KESEJAHTERAAN GURU TAHUN 2025 FASA 1,13,22/04/2025,24/04/2025,AHMAD ZAMRIBIN ABDUL MANAP,DG12,Selesai,,8138.7,,,,8138.7,8138.7,,,,8138.7,,
SPIP,Unit Pendidikan Khusus,Bengkel,DSA(JN),BENGKEL KERJA PENYEDIAAN RUMUSAN LAPORAN TINJAUAN PELAKSANAAN TUJUH LANGKAH KESEJAHTERAAN GURU TAHUN 2025 FASA 2,13,15/07/2025,17/07/2025,AHMAD ZAMRIBIN ABDUL MANAP,DG12,Belum bermula,,8138.7,,,,8138.7,8138.7,,,,8138.7,,
SPIP,Unit Pendidikan Khusus,Pemantauan,DSA(JN),PEMANTAUAN TINJAUAN PELAKSANAAN TUJUH LANGKAH KESEJAHTERAAN GURU TAHUN 2025 FASA 2,14,,,AHMAD ZAMRIBIN ABDUL MANAP,DG12,Belum bermula,,3722.6,,,,3722.6,3722.6,,,,3722.6,,
SPIP,Unit Pendidikan Khusus,Mesyuarat,DSA(JN),MESYUARAT PEMILIHAN CADANGAN TEMA HARI GURU TAHUN 2025,30,25/02/2025,25/02/2025,AHMAD ZAMRIBIN ABDUL MANAP,DG12,Selesai,,,,,900,900,,,,900,900,,
SPIP,Unit Guru Cemerlang,Bengkel,DSA(JN),BENGKEL SARINGAN DOKUMEN ANUGERAH TOKOH GURU TAHUN 2025,10,17/03/2025,17/03/2025,WAN MOHD SIDQI BIN WAN ABD GHAFAR,DG12,Selesai,,,,,150,150,,,,150,150,,
SPIP,Unit Guru Cemerlang,Penilaian,GCPC (BKEW),Penilaian Guru Cemerlang Pensyarah Cemerlang Tahun 2025,300,22/06/2025,29/08/2025,MUSTAPA BIN DAUD,DG13,Dalam tindakan,,471900,0,0,0,471900,471900,,,,471900,,
SPIP,Unit Guru Cemerlang,Penilaian,PENGURUSAN LATIHAN (IAB),Penilaian Program Penempatan Silang Pegawai Perkhidmatan Pendidikan (PSIPPP) ,15,30/06/2025,04/07/2025,MUSTAPA BIN DAUD,DG13,Selesai,,2710,0,0,360,3070,2710,,,360,3070,,
SPIP,Unit Guru Cemerlang,Bengkel,GCPC (BKEW),BENGKEL KERJA SEMAKAN INSTRUMEN GCPC TAHUN 2025,24,21/01/2025,23/01/2025,WAN MOHD SIDQI BIN WAN ABD GHAFAR,DG12,Selesai,,22835.8,0,0,0,22835.8,22835.8,,,,22835.8,,
SPIP,Unit Guru Cemerlang,Bengkel,GCPC (BKEW),BENGKEL KERJA PEMBANGUNAN INSTRUMEN GCPC TAHUN 2025,24,25/02/2025,27/02/2025,WAN MOHD SIDQI BIN WAN ABD GHAFAR,DG12,Selesai,,25428.6,0,0,0,25428.6,25428.6,,,,25428.6,,
SPIP,Unit Institusi Pendidikan Cemerlang,Pemantauan,TS25 (BPG),PEMANTAUAN PEMERIKSAAN PELAKSANAAN PROGRAM TS25 TAHUN 2025,4,08/06/2025,27/06/2025,DR. NURHASNI BINTI MOHD NOOR,DG12,Selesai,,4765,0,0,0,4765,5000,0,0,0,5000,,
SPIP,Unit Institusi Pendidikan Cemerlang,Bengkel,TS25 (BPG),BENGKEL KERJA ANALISIS DATA PEMERIKSAAN PELAKSANAAN PROGRAM TS25 TAHUN 2025,25,,,DR. NURHASNI BINTI MOHD NOOR,DG12,Selesai,,19229.9,0,0,1530,20759.9,20000,0,0,1625,21625,,
SPIP,Unit Institusi Pendidikan Cemerlang,Bengkel,TS25 (BPG),BENGKEL KERJA PENULISAN RUMUSAN LAPORAN PEMERIKSAAN PELAKSANAAN PROGRAM TS25 TAHUN 2025,25,,,DR. NURHASNI BINTI MOHD NOOR,DG12,Selesai,,24058,0,0,1800,25858,20000,0,0,1750,21750,,
SPIP,Unit Institusi Pendidikan Cemerlang,Lawatan Penandaarasan,TS25 (BPG),LAWATAN PENANDAARASAN DAN VERIFIKASI PROGRAM TS25 KOHORT 1-5,25,,,DR. NURHASNI BINTI MOHD NOOR,DG12,Selesai,,20000,0,0,1625,21625,20000,0,0,1625,21625,,
SPIP,Unit Institusi Pendidikan Cemerlang,Bengkel,DSA(JN),BENGKEL KERJA PENYELARASAN RUMUSAN LAPORAN PEMERIKSAAN PENUH 2.0 TAHUN 2025,22,11/06/2025,13/06/2025,DR. NURHASNI BINTI MOHD NOOR,DG12,Selesai,,17409,0,0,1980,19389,17409,,,1980,19389,,
SPIP,Unit Institusi Pendidikan Cemerlang,Pemantauan,DSA(JN),PEMANTAUAN TKNSK/TKNS PEMERIKSAAN PENUH 2.0 TAHUN 2025,1,13/04/2025,25/04/2025,MARNIZA IZLEENA BINTI ZUBER,DG12,Selesai,,2500,0,0,0,2500,2500,,,,2500,,
SPIP,Unit Guru Cemerlang,Acara/Majlis,DSA(JN),"KUNJUNGAN HORMAT KE ATAS KETUA SETIAUSAHA KPM DAN LAWATAN KE KV (PERTANIAN) TELUK INTAN, PERAK OLEH PMCAF",3,11/08/2025,13/08/2025,MOHD AZIZI BIN ALIAS,DG10,Selesai,,112.5,0,0,0,112.5,112.5,,,,112.5,,
SPIP,Unit Guru Cemerlang,Bengkel,GCPC (BKEW),"BENGKEL KERJA PENYELARASAN DATA, PENYEDIAAN RUMUSAN PENILAIAN CALON GCPC TAHUN 2025",10,10/09/2025,12/09/2025,MUSTAPA BIN DAUD,DG13,Dalam tindakan,,4749,0,0,0,4749,4749,,,,4749,,
SPIP,Unit Pendidikan Khusus,Bengkel,DSA(JN),BENGKEL KERJA ANALISIS DATA DAN PENYEDIAAN RUMUSAN LAPORAN TINJAUAN PELAKSANAAN TUJUH LANGKAH KESEJAHTERAAN GURU TAHUN 2025 FASA 3,10,17/09/2025,19/09/2025,AHMAD ZAMRI BIN ABDUL MANAP,DG12,Belum bermula,,10142.6,0,0,0,10142.6,10142.6,0,0,0,10142.6,,
SPIP,JNN Kedah,Pemeriksaan,PPPPC (BPSBP),Inisiatif#30 Program Pendidikan Pintar Cerdas Pemeriksaan Pembekal Perkhidmatan Universiti Kebangsaan Malaysia: Pemeriksaan Pembekalan Perkhidmatan Bimbingan dan Pementoran oleh PGPN UKM Siri 2/2025 serta Tinjauan Pelaksanaan Pengajaran dan Pembelajaran Pendidikan Pintar Cerdas (TPdPPC) Tahun 2025,23,08/09/2025,11/09/2025,Dr. Khor Mui Kim,DG13,Selesai,,3397,0,0,0,3397,3397,0,0,0,3397,,
SPIP,JNN Kedah,Bengkel,PPPPC (BPSBP),INISIATIF#30 PPPC BENGKEL PENULISAN DAPATAN PEMERIKSAAN PEMBEKALAN PERKHIDMATAN UKM PERTENGAHAN TAHUN KEDUA 2025,7,22/09/2025,24/09/2025,Dr. Khor Mui Kim,DG13,Selesai,,4593.95,0,0,0,4593.95,4593.95,0,0,0,4593.95,,
SPIP,Unit Institusi Pendidikan Cemerlang,Audit,TS25 (BPG),"Audit Keberadaan Guru, Pengurusan Asrama dan Professional Learning Community (PLC) Tahun 2025 bagi sekolah TS25",86,19/08/2025,21/11/2025,DR. NURHASNI BINTI MOHD NOOR,DG12,Selesai,,42558.66,0,0,0,42558.66,42558.66,0,0,0,42558.66,,
SPIP,Unit Pendidikan Khusus,Bengkel,DSA(JN),Bengkel Kerja Penyesuaian Instrumen Standard Kualiti Pendidikan Malaysia Kualiti@Sekolah (SK@S) Standard 4 Mengikut Konteks Pendidikan Khas Siri 1.,11,29/09/2025,01/10/2025,AHMAD ZAMRI BIN ABDUL MANAP,DG12,Selesai,,2452,0,0,0,2452,2452,0,0,0,2452,,
SPIP,Unit Guru Cemerlang,Penilaian,DSA(JN),PENILAIAN PENGIKTIRAFAN KECEMERLANGAN INSTITUSI PENDIDIKAN MADANI TAHUN 2025,78,13/10/2025,17/10/2025,MOHD AZIZI BIN ALIAS,DG10,Selesai,,109200,0,0,0,109200,109200,0,0,0,109200,,
SPIP,Unit Pendidikan Khusus,Bengkel,DSA(JN),BENGKEL PEMURNIAN INSTRUMEN STANDARD KUALITI PENDIDIKAN MALAYSIA KUALITI@SEKOLAH (SK@S) STANDARD 4 MENGIKUT KONTEKS PENDIDIKAN KHAS,15,22/10/2025,24/10/2025,AHMAD ZAMRI BIN ABDUL MANAP,DG12,Selesai,,4904.8,0,0,0,4904.8,4904.8,0,0,0,4904.8,,
SPIP,Unit Guru Cemerlang,Bengkel,DSA(JN),BENGKEL KERJA PENILAIAN VIDEO KISAH INSPIRASI SEKOLAH DAN PENYEDIAAN RUMUSAN PENILAIAN PENGIKTIRAFAN KECEMERLANGAN INSTITUSI PENDIDIKAN MADANI TAHUN 2025,11,26/10/2025,29/10/2025,MOHD AZIZI BIN ALIAS,DG10,Selesai,,19380,0,0,0,19380,19380,0,0,0,19380,,
SPIP,Unit Guru Cemerlang,Bengkel,DSA(JN),BENGKEL KERJA POST-MORTEM PENILAIAN TAHUN 2025 SERTA PERANCANGAN PELAKSANAAN URUSAN PEMANGKUAN GURU CEMERLANG DAN PENSYARAH CEMERLANG (GCPC) TAHUN 2026,18,29/10/2025,31/10/2025,MUSTAPA BIN DAUD,DG13,Selesai,,23000,0,0,0,23000,23000,0,0,0,23000,,
SPIP,Unit Pendidikan Khusus,Bengkel,DSA(JN),SESI LIBAT URUS DOKUMEN SISIPAN STANDARD KUALITI PENDIDIKAN MALAYSIA KUALITI@SEKOLAH (SK@S) STANDARD 4 MENGIKUT KONTEKS PENDIDIKAN KHAS,16,31/10/2025,31/10/2025,AHMAD ZAMRI BIN ABDUL MANAP,DG12,Selesai,,4904.8,0,0,0,4904.8,4904.8,0,0,0,4904.8,,
SPIP,Unit Institusi Pendidikan Cemerlang,Pemeriksaan,DSA(JN),PEMERIKSAAN KEBERKESANAN PPD TAHUN 2026,300,29/03/2026,12/04/2026,JUNIZA BINTI JUBRI,DG12,Dalam tindakan,,0,0,0,0,,0,0,0,0,0,,
SPK,Unit Pendidikan Islam dan Moral,Mesyuarat,PLAN (BPK),BENGKEL MATA PELAJARAN TVET,80,04/02/2025,05/02/2025,PUAN SHARIFAH SHAHADANIA BINTI SYED HASSAN,DG12,Selesai,TELAH DILAKSANAKAN,0,0,0,690,690,0,0,0,690,690,,
SPK,Unit Teknik Vokasional,Bengkel,DSA(JN),BENGKEL PENULISAN LAPORAN PEMERIKSAAN SMT,25,09/07/2025,11/07/2025,PUAN SHARIFAH SHAHADANIA BINTI SYED HASSAN,DG12,Selesai,SELESAI,5231.3,0,0,4900,10131.3,0,0,0,0,0,,
SPK,Unit Teknik Vokasional,Pemeriksaan,DSA(JN),PEMERIKSAAN SMT 2025,56,15/06/2025,20/06/2025,PUAN SHARIFAH SHAHADANIA BINTI SYED HASSAN,DG12,Selesai,TELAH DILAKSANAKAN,74693.25,0,0,0,74693.25,67727.3,0,0,0,67727.3,,
SPK,Unit Teknik Vokasional,Bengkel,LDP (BPG),SIRI 1 BENGKEL KERJA MEMPERKASA KEFAHAMAN KONSEP PENTAKSIRAN BILIK DARJAH DALAM PENAZIRAN TAHUN 2025,300,04/02/2025,06/04/2025,CIK HASMIZA BINTI YAAKOB,DG10,Selesai,TELAH DILAKSANAKAN,344.07,0,0,6580,6924.07,344.07,0,0,6580,6924.07,,
SPK,Unit Teknik Vokasional,Bengkel,LDP (BPG),SIRI 2 BENGKEL KERJA MEMPERKASA KEFAHAMAN KONSEP PENTAKSIRAN BILIK DARJAH DALAM PENAZIRAN TAHUN 2025,300,19/02/2025,21/02/2025,CIK HASMIZA BINTI YAAKOB,DG10,Selesai,TELAH DILAKSANAKAN,12100.28,0,0,6013.5,18113.78,12100.28,0,0,6013.5,18113.78,,
SPK,Unit Pendidikan Islam dan Moral,Acara/Majlis,DSA(JN),"CERAMAH PERDANA SEMPENA PROGRAM HAJI DAN KORBAN JEMAAH NAZIR TAHUN 2025: TUNDUKNYA HATI, TEGAKNYA INTEGRITI",144,30/05/2025,30/05/2025,EN. NORHISHAM BIN ABDULLAH,DG12,Selesai,SUDAH DILAKSANAKAN,0,0,0,2460,2460,0,0,0,2460,2460,,
SPK,Unit Sains Sosial,Bengkel,DSA(JN),PENYEDIAAN INSTRUMEN PEMERIKSAAN DAN PENULISAN RUMUSAN PEMERIKSAAN,10,13/01/2025,14/01/2025,EN. MOHD FAROL BIN FAUZI,DG10,Selesai,TELAH DILAKSANAKAN,1000,0,0,0,1000,1000,0,0,0,1000,,
SPK,Unit Bahasa dan Kesusasteraan,Mesyuarat,MBMMBI (IPGM),MESYUARAT PENYELARASAN MATA PELAJARAN ,25,13/01/2025,14/01/2025,EN. MOHD NASIR BIN ABD AZIZ,DG13,Selesai,TELAH DILAKSANAKAN,6251.6,0,0,1200,7451.6,3219.57,0,0,750,3969.57,,
SPK,Unit Bahasa dan Kesusasteraan,Kursus,MBMMBI (IPGM),BENGKEL KERJA PENYEDIAAN BAHAN PEMERIKSAAN PELAKSANAAN MBM DI SEKOLAH MENENGAH,20,05/05/2025,07/05/2025,EN. MOHD NASIR BIN ABD AZIZ,DG13,Selesai,SELESAI,12100,0,0,0,12100,8297.22,0,0,0,8297.22,,
SPK,Unit Bahasa dan Kesusasteraan,Bengkel,MBMMBI (IPGM),BENGKEL KERJA PENYEDIAAN BAHAN PEMERIKSAAN PELAKSANAAN MBI DI SEKOLAH MENENGAH,20,26/05/2025,29/05/2025,EN. MOHD NASIR BIN ABD AZIZ,DG13,Selesai,SELESAI,13050,0,0,0,13050,8297.22,0,0,0,8297.22,,
SPK,Unit Bahasa dan Kesusasteraan,Bengkel,MBMMBI (IPGM),BENGKEL KERJA PENYELARASAN BAHAN PEMERIKSAAN PELAKSANAAN MBMMBI DI SEKOLAH MENENGAH TAHUN 2025,30,13/05/2025,15/05/2025,EN. MOHD NASIR BIN ABD AZIZ,DG13,Selesai,SELESAI,12100,0,0,0,12100,6597.81,0,0,0,6597.81,,
SPK,Unit Bahasa dan Kesusasteraan,Bengkel,MBMMBI (IPGM),UJI RINTIS INSTRUMEN PEMERIKSAAN MBM,6,10/06/2025,13/06/2025,EN. MOHD NASIR BIN ABD AZIZ,DG13,Selesai,SELESAI,900,0,0,0,900,900,0,0,0,900,,
SPK,Unit Bahasa dan Kesusasteraan,Bengkel,MBMMBI (IPGM),PEMERIKSAAN MBMMBI,50,03/08/2025,22/08/2025,EN. MOHD NASIR BIN ABD AZIZ,DG13,Belum bermula,BELUM DIJALANKAN,0,0,0,0,0,0,0,0,0,0,,
SPK,Unit Bahasa dan Kesusasteraan,Bengkel,MBMMBI (IPGM),BENGKEL ANALISIS DATA DAN PENULISAN LAPORAN,20,02/09/2025,06/09/2025,EN. MOHD NASIR BIN ABD AZIZ,DG13,Belum bermula,BELUM DIJALANKAN,0,0,0,0,0,0,0,0,0,0,,
SPK,Unit Bahasa dan Kesusasteraan,Bengkel,MBMMBI (IPGM),BENGKEL PENULISAN RUMUSAN LAPORAN PEMERIKSAAN MBMMBI,20,17/09/2025,19/09/2025,EN. MOHD NASIR BIN ABD AZIZ,DG13,Belum bermula,MINIT BEBAS BELUM MENDAPAT KELULUSAN,0,0,0,0,0,0,0,0,0,0,,
SPK,Unit Bahasa dan Kesusasteraan,Pemeriksaan,PLAN (BPK),PEMERIKSAAN PLAN TAHUN 2025,30,23/02/2025,07/03/2025,EN. RAHIM MUBARAK BIN MOHAMAT,DG12,Selesai,TELAH DILAKSANAKAN (TERMASUK PERUNTUKAN SABAH SARAWAK),35786.55,0,0,0,35786.55,38410.6,0,0,0,38410.6,,
SPK,Unit Bahasa dan Kesusasteraan,Bengkel,PLAN (BPK),BENGKEL ANALISIS DATA PEMERIKSAAN PLAN TAHUN 2025,25,24/03/2025,26/03/2025,EN. RAHIM MUBARAK BIN MOHAMAT,DG12,Selesai,TELAH DILAKSANAKAN,4126.6,0,0,300,4426.6,856.8,0,0,0,856.8,,
SPK,Unit Bahasa dan Kesusasteraan,Pemeriksaan,PLAN (BPK),PEMERIKSAAN PLAN FASA 2 TAHUN 2025,30,08/09/2025,12/09/2025,EN. RAHIM MUBARAK BIN MOHAMAT,DG12,Belum bermula,BELUM DILAKSANAKAN,0,0,0,0,0,0,0,0,0,0,,
SPK,Unit Bahasa dan Kesusasteraan,Bengkel,PLAN (BPK),BENGKEL ANALISIS DATA DAN PENULISAN LAPORAN,20,23/09/2025,26/09/2025,EN. RAHIM MUBARAK BIN MOHAMAT,DG12,Belum bermula,BELUM DILAKSANAKAN,0,0,0,0,0,0,0,0,0,0,,
SPK,Unit Sains dan Matematik,Bengkel,STEM (BPPDP),BENGKEL PEMBINAAN INSTRUMEN DAN ANEKS PEMERIKSAAN STEM SEKOLAH MENENGAH TAHUN 2025,30,12/02/2025,14/02/2025,EN.  AHMAD FAZRIL BIN ALIAS,DG10,Selesai,TELAH DILAKSANAKAN,24000,0,0,0,24000,17070.98,0,0,0,17070.98,,
SPK,Unit Teknik Vokasional,Bengkel,KBAT,BENGKEL PERKONGSIAN PEMBUDAYAAN KBAT DI SEKOLAH,30,10/04/2025,10/04/2025,DR. MOHD RAHIMI BIN A. RAHMAN ,DG10,Selesai,TELAH DILAKSANAKAN,0,0,0,480,480,0,0,0,480,480,,
SPK,Unit Teknik Vokasional,Bengkel,KBAT,BENGKEL PEMURNIAN INSTRUMEN PEMERIKSAAN PEMBUDAYAAN KBAT,23,09/07/2025,11/07/2025,DR. MOHD RAHIMI BIN A. RAHMAN ,DG10,Selesai,SELESAI,6823.7,0,0,14900,21723.7,0,0,0,0,0,,
SPK,Unit Teknik Vokasional,Bengkel,KBAT,BENGKEL ANALISIS DATA PEMERIKSAAN KBAT TAHUN 2025,25,13/08/2025,15/08/2025,DR. MOHD RAHIMI BIN A. RAHMAN ,DG10,Selesai,SELESAI,4321.4,0,0,9400,13721.4,0,0,0,0,0,,
SPK,Unit Teknik Vokasional,Bengkel,KBAT,BENGKEL PENULISAN RUMUSAN LAPORAN PEMERIKSAAN PEMBUDAYAAN KBAT DI SEKOLAH 2025,25,20/08/2025,22/08/2025,DR. MOHD RAHIMI BIN A. RAHMAN ,DG10,Selesai,SELESAI,8478.6,0,0,10400,18878.6,0,0,0,0,0,,
SPK,Unit Teknik Vokasional,Pemeriksaan,KBAT,PEMERIKSAAN VERIFIKASI SKOR PENILAIAN PEMBUDAYAAN KBAT,143,06/07/2025,25/07/2025,DR. MOHD RAHIMI BIN A. RAHMAN ,DG10,Selesai,BELUM DIJALANKAN,79034.84,0,0,0,79034.84,0,0,0,0,0,,
SPK,Unit Sains dan Matematik,Bengkel,STEM (BPPDP),BENGKEL KERJA PEMURNIAN KERTAS KONSEP DAN INSTRUMEN PEMERIKSAAN STEM BERFOKUS MATEMATIK SEKOLAH MENENGAH 2025,15,27/05/2025,29/05/2025,EN. AHMAD FAZRIL BIN ALIAS,DG10,Selesai,SELESAI,19089,0,0,0,19089,13975.91,0,0,0,13975.91,,
SPK,Unit Sains dan Matematik,Uji Rintis,STEM (BPPDP),UJI RINTIS PEMERIKSAAN STEM BERFOKUS MATEMATIK MATA PELAJARAN MATEMATIK SEKOLAH MENENGAH 2025,6,17/06/2025,18/06/2025,EN. AHMAD FAZRIL BIN ALIAS,DG10,Selesai,SELESAI,4840,0,0,0,4840,0,0,0,0,0,,
SPK,Unit Sains dan Matematik,Pemeriksaan,STEM (BPPDP),"PEMERIKSAAN PENDIDIKAN SAINS, TEKNOLOGI, KEJURUTERAAN DAN MATEMATIK (STEM) BERFOKUS MATA PELAJARAN MATEMATIK SEKOLAH MENENGAH TAHUN 2025",180,03/08/2025,22/08/2025,EN. AHMAD FAZRIL BIN ALIAS,DG10,Dalam tindakan,SEDANG DIJALANKAN,151093,0,0,0,151093,0,0,0,0,0,,
SPK,Unit Pendidikan Islam dan Moral,Bengkel,DSA(JN),BENGKEL KERJA PEMBINAAN MODUL PEDAGOGI KHUSUS PENGAJARAN DAN PEMBELAJARAN DINI MENGGUNAKAN BAHASA ARAB DAN MENJALANKAN LATIHAN KEPADA GURU DINI SEKOLAH AGAMA BANTUAN KERAJAAN (SABK),1,21/07/2025,23/07/2025,EN. NORHISHAM BIN ABDULLAH,DG12,Selesai,SELESAI,78,0,0,0,78,78,0,0,0,78,,
SPK,Unit Sains dan Matematik,Tinjauan,DSA(JN),TINJAUAN PENGOPERASIAN KOLEJ MATRIKULASI DAN TINGKATAN ENAM TAHUN 2025,76,19/08/2025,29/08/2025,PN. SURYATI BINTI MOHAMAD,DG12,Dalam tindakan,DALAM TINDAKAN,47498.9,0,0,0,47498.9,47498.9,0,0,0,47498.9,,
SPK,Unit Sains dan Matematik,Bengkel,DSA(JN),BENGKEL ANALISIS DATA DAN PENULISAN LAPORAN TINJAUAN PENGOPERASIAN KOLEJ MATRIKULASI DAN TINGKATAN ENAM TAHUN 2025,14,08/09/2025,10/09/2025,PN. SURYATI BINTI MOHAMAD,DG12,Selesai,BELUM BERMULA,14492.9,0,0,0,14492.9,78,0,0,0,78,,
SPK,Unit Sains dan Matematik,Bengkel,STEM (BPPDP),BENGKEL PENULISAN RUMUSAN LAPORAN PEMERIKSAAN PENDIDIKAN STEM BERFOKUS MATEMATIK SEKOLAH MENENGAH TAHUN 2025,30,17/09/2025,19/09/2025,EN. AHMAD FAZRIL BIN ALIAS,DG10,Dalam tindakan,DALAM TINDAKAN,37600.18,0,0,0,37600.18,37600.18,0,0,0,37600.18,,
SPK,Unit Sains dan Matematik,Uji Rintis,STEM (BPPDP),UJI RINTIS PEMERIKSAAN STEM BERFOKUS MATEMATIK MATA PELAJARAN MATEMATIK SEKOLAH MENENGAH 2025,6,17/06/2025,18/06/2025,EN. AHMAD FAZRIL BIN ALIAS,DG10,Selesai,SELESAI,4840,0,0,0,4840,0,0,0,0,0,,
SPK,Unit Sains dan Matematik,Pemeriksaan,STEM (BPPDP),"PEMERIKSAAN PENDIDIKAN SAINS, TEKNOLOGI, KEJURUTERAAN DAN MATEMATIK (STEM) BERFOKUS MATA PELAJARAN MATEMATIK SEKOLAH MENENGAH TAHUN 2025",180,03/08/2025,22/08/2025,EN. AHMAD FAZRIL BIN ALIAS,DG10,Dalam tindakan,SEDANG DIJALANKAN,151093,0,0,0,151093,0,0,0,0,0,,
SPK,Unit Pendidikan Islam dan Moral,Bengkel,DSA(JN),BENGKEL KERJA PEMBINAAN MODUL PEDAGOGI KHUSUS PENGAJARAN DAN PEMBELAJARAN DINI MENGGUNAKAN BAHASA ARAB DAN MENJALANKAN LATIHAN KEPADA GURU DINI SEKOLAH AGAMA BANTUAN KERAJAAN (SABK),1,21/07/2025,23/07/2025,EN. NORHISHAM BIN ABDULLAH,DG12,Selesai,SELESAI,78,0,0,0,78,78,0,0,0,78,,
SPK,Unit Sains dan Matematik,Tinjauan,DSA(JN),TINJAUAN PENGOPERASIAN KOLEJ MATRIKULASI DAN TINGKATAN ENAM TAHUN 2025,76,19/08/2025,29/08/2025,PN. SURYATI BINTI MOHAMAD,DG12,Dalam tindakan,DALAM TINDAKAN,47498.9,0,0,0,47498.9,47498.9,0,0,0,47498.9,,
SPK,Unit Sains dan Matematik,Bengkel,DSA(JN),BENGKEL ANALISIS DATA DAN PENULISAN LAPORAN TINJAUAN PENGOPERASIAN KOLEJ MATRIKULASI DAN TINGKATAN ENAM TAHUN 2025,14,08/09/2025,10/09/2025,PN. SURYATI BINTI MOHAMAD,DG12,Selesai,BELUM BERMULA,14492.9,0,0,0,14492.9,78,0,0,0,78,,
SPK,Unit Sains dan Matematik,Bengkel,STEM (BPPDP),BENGKEL PENULISAN RUMUSAN LAPORAN PEMERIKSAAN PENDIDIKAN STEM BERFOKUS MATEMATIK SEKOLAH MENENGAH TAHUN 2025,30,17/09/2025,19/09/2025,EN. AHMAD FAZRIL BIN ALIAS,DG10,Dalam tindakan,DALAM TINDAKAN,37600.18,0,0,0,37600.18,37600.18,0,0,0,37600.18,,
SPK,Unit Bahasa dan Kesusasteraan,Tinjauan,DSA(JN),TINJAUAN PENGOPERASIAN KELAS PERALIHAN TAHUN 2025,60,12/10/2025,25/10/2025,CIK AYU HANANI BINTI ABDUL KARIM,DG13,Dalam tindakan,DALAM TINDAKAN,15000,0,0,0,15000,15000,0,0,0,15000,,
SPK,Unit Sains dan Matematik,Bengkel,STEM (BPPDP),BENGKEL ANALISIS DATA PEMERIKSAAN PENDIDIKAN STEM BERFOKUS MATEMATIK SEKOLAH MENENGAH TAHUN 2025,21,10/09/2025,12/09/2025,EN. AHMAD FAZRIL BIN ALIAS,DG10,Selesai,SEDANG DIJALANKAN,28256.7,0,0,0,28256.7,28256.7,0,0,0,28256.7,,
SPK,Unit Bahasa dan Kesusasteraan,Tinjauan,MBMMBI (IPGM),TINJAUAN PELAKSANAAN PROGRAM SEKOLAH PENGAJAR (TPPSP) TAHUN 2026,70,01/03/2026,06/03/2026,SHARIDAH BINTI MAARUS,DG12,Belum bermula,Akan dilaksnakan pada 1-6 Mac 2026,34488.6,0,0,0,34488.6,34488.6,0,0,0,34488.6,,
SPK,Unit Sains dan Matematik,Bengkel,STEM (BPPDP),BENGKEL KERJA PEMBINAAN INSTRUMEN PEMERIKSAAN PENDIDIKAN STEM BERFOKUS TIMMS DAN PISA TAHUN 2026,24,28/10/2025,30/10/2025,EN. AHMAD FAZRIL BIN ALIAS,DG10,Dalam tindakan,SEDANG DIJALANKAN,40101.12,0,0,0,40101.12,40101.12,0,0,0,40101.12,,
SPK,Unit Bahasa dan Kesusasteraan,Bengkel,MBMMBI (IPGM),BENGKEL KERJA PEMBINAAN BAHAN PEMERIKSAAN DASAR MEMARTABATKAN BAHASA MELAYU MEMPERKUKUH BAHASA INGGERIS (MBMMBI) TAHUN 2026,16,28/10/2025,30/10/2025,CIK SHARMILA A/P SATHASIVAM,DG10,Selesai,SELESAI,28936.18,0,0,0,28936.18,28936.18,0,0,0,28936.18,,
SPK,Unit Sains Sosial,Sesi Libat Urus,DSA(JN),LIBAT URUS P-SBP 2026 BERSAMA BAHAGIAN,15,16/03/2026,16/03/2026,MOHD FAROL BIN MOHD FAUDZI,DG10,Belum bermula,Akan dilaksnakan pada 16 Mac 2026,0,0,0,400,400,0,0,0,400,400,,
SPK,Unit Sains Sosial,Pemantauan,DSA(JN),PEMANTAUAN P-SBP2026,4,01/02/2026,13/02/2026,MOHD FAROL BIN MOHD FAUDZI,DG10,Selesai,SELESAI,3929,0,0,0,3929,0,0,0,0,3929,,
SPK,Unit Sains Sosial,Pemeriksaan,DSA(JN),PEMERIKSAAN SEKOLAH BERASRAMA PENUH TAHUN 2026,350,01/02/2026,13/02/2026,MOHD. FAROL BIN MOHD FAUDZI,DG10,Selesai,SELESAI,330358.98,0,0,20005,350363.98,330358.98,0,0,20005,350363.98,,
SPK,Unit Bahasa dan Kesusasteraan,Uji Rintis,MBMMBI (IPGM),RINTIS TINJAUAN PELAKSANAAN PROGRAM SEKOLAH PENGAJAR (TPPSP) TAHUN 2026,4,09/02/2026,12/02/2026,SHARIDAH BINTI MAARUS,DG12,Selesai,SELESAI,1618.3,0,0,0,1618.3,1618.3,0,0,0,1618.3,,
SPK,Unit Bahasa dan Kesusasteraan,Tinjauan,MBMMBI (IPGM),TINJAUAN PELAKSANAAN PROGRAM SEKOLAH PENGAJAR (TPPSP) TAHUN 2026,70,01/03/2026,06/03/2026,SHARIDAH BINTI MAARUS,DG12,Belum bermula,Akan dilaksnakan pada 1-6 Mac 2026,34488.6,0,0,0,34488.6,34488.6,0,0,0,34488.6,,
SPHEMK,Unit Kokurikulum,Bengkel,MAKmur,A1. Bengkel Perkongsian Ilmu Model Sekolah Projek Memperkasa Amalan Kemenjadian Murid (MAKMur),20,28/02/2025,28/02/2025,Pn. Nordiana binti Khalid,DG12,Selesai,-,0,0,0,300,300,0,0,0,300,300,,
SPHEMK,Unit Kokurikulum,Bengkel/Kerja,MAKmur,"A2. Bengkel Kerja Pemurnian Kerangka Matriks, Kertas Konsep dan Instrumen Penilaian Model Sekolah Projek MAKMur Tahun 2025",15,11/03/2025,13/03/2025,Pn. Nordiana binti Khalid,DG12,Selesai,-,8510.27,0,0,0,8510.27,8510.27,0,0,0,8510.27,,
SPK,Unit Sains Sosial,Sesi Libat Urus,DSA(JN),LIBAT URUS P-SBP 2026 BERSAMA BAHAGIAN,15,16/03/2026,16/03/2026,MOHD FAROL BIN MOHD FAUDZI,DG10,Belum bermula,Akan dilaksnakan pada 16 Mac 2026,0,0,0,400,400,0,0,0,400,400,,
SPHEMK,Unit Kokurikulum,Bengkel,MAKmur,A3. Bengkel Perkongsian Ilmu dan Penataran Penilaian Model Sekolah Projek MAKMur Tahun 2025,40,21/04/2025,21/04/2025,Pn. Nordiana binti Khalid,DG12,Selesai,,5686.95,0,0,600,6286.95,5686.95,0,0,600,6286.95,,
SPK,Unit Sains Sosial,Pemantauan,DSA(JN),PEMANTAUAN P-SBP2026,4,01/02/2026,13/02/2026,MOHD FAROL BIN MOHD FAUDZI,DG10,Selesai,SELESAI,3929,0,0,0,3929,0,0,0,0,3929,,
SPHEMK,Unit Kokurikulum,Pemantauan,MAKmur,A5. Pemantauan Penilaian Model Sekolah Projek Memperkasa Amalan Kemenjadian Murid (MAKMur) Tahun 2025,2,04/05/2025,23/05/2025,Pn. Nordiana binti Khalid,DG12,Selesai,,1428.25,0,0,0,1428.25,1428.25,0,0,0,1428.25,,
SPHEMK,Unit Kokurikulum,Bengkel,MAKmur,A1. Bengkel Perkongsian Ilmu Model Sekolah Projek Memperkasa Amalan Kemenjadian Murid (MAKMur),20,28/02/2025,28/02/2025,Pn. Nordiana binti Khalid,DG12,Selesai,-,0,0,0,300,300,0,0,0,300,300,,
SPHEMK,Unit Kokurikulum,Bengkel/Kerja,MAKmur,"A2. Bengkel Kerja Pemurnian Kerangka Matriks, Kertas Konsep dan Instrumen Penilaian Model Sekolah Projek MAKMur Tahun 2025",15,11/03/2025,13/03/2025,Pn. Nordiana binti Khalid,DG12,Selesai,-,8510.27,0,0,0,8510.27,8510.27,0,0,0,8510.27,,
SPHEMK,Unit Kokurikulum,Bengkel/Kerja,PERPADUAN (BSKK),"B1. Bengkel Kerja Penyelarasan Inisiatif #6 Pembangunan Nilai, Sahsiah dan Perpaduan di Sekolah",1,17/03/2025,17/03/2025,En. Amri bin Azmi,DG12,Selesai,,0,0,0,0,0,0,0,0,0,0,,
SPHEMK,Unit Kokurikulum,Bengkel,PERPADUAN (BSKK),B2. Bengkel Perkongsian Ilmu Generasi MADANI dan Perpaduan,20,25/04/2025,25/04/2025,En. Amri bin Azmi,DG12,Selesai,,0,0,0,300,300,0,0,0,300,300,,
SPHEMK,Unit Kokurikulum,Bengkel/Kerja,PERPADUAN (BSKK),"B3. Bengkel Kerja Pemurnian Kertas Konsep, Instrumen dan Aneks Penilaian Pengiktirafan Perpaduan di Sekolah Kementerian Pendidikan Malaysia Bawah Inisiatif #6 Pembangunan Nilai, Sahsiah dan Perpaduan Tahun 2025",16,28/04/2025,30/04/2025,En. Amri bin Azmi,DG12,Selesai,,10784,0,0,960,11744,10649.5,0,0,960,11609.5,,
SPHEMK,Unit Kokurikulum,Bengkel/Kerja,PERPADUAN (BSKK),"B4. Bengkel Kerja Perancangan, Penyelarasan dan Semakan Bahan Promosi Perpaduan di Bawah Inisiatif #6 Pembangunan Nilai, Sahsiah dan Perpaduan bagi Tahun 2025",1,18/05/2025,20/05/2025,En. Amri bin Azmi,DG12,Selesai,,0,0,0,0,0,0,0,0,0,0,,
SPHEMK,Unit Kokurikulum,Bengkel/Kerja,MAKmur,A7. Bengkel Kerja Penulisan Rumusan Laporan Penilaian Model Sekolah Projek MAKMur Tahun 2025,20,10/06/2025,13/06/2025,Pn. Nordiana binti Khalid,DG12,Selesai,,14361.16,0,0,10800,25161.16,14361.16,0,0,10800,25161.16,,
SPHEMK,Unit Kokurikulum,Penilaian,PERPADUAN (BSKK),"B6. Penilaian Pengiktirafan Perpaduan di Sekolah Kementerian Pendidikan Malaysia Bawah Inisiatif #6 Pembangunan Nilai, Sahsiah dan Perpaduan Tahun 2025",110,03/08/2025,29/08/2025,En. Amri bin Azmi,DG12,Selesai,,208086,0,0,0,208086,194813.52,0,0,0,194813.52,,
SPHEMK,Unit Kokurikulum,Pemantauan,PERPADUAN (BSKK),"B7. Pemantauan Penilaian Pengiktirafan Perpaduan di Sekolah Kementerian Pendidikan Malaysia Bawah Inisiatif #6 Pembangunan Nilai, Sahsiah dan Perpaduan Tahun 2025",3,03/08/2025,29/08/2025,En. Amri bin Azmi,DG12,Selesai,,4537.5,0,0,0,4537.5,4537.5,0,0,0,4537.5,,
SPHEMK,Unit Kokurikulum,Bengkel/Kerja,PERPADUAN (BSKK),"B3. Bengkel Kerja Pemurnian Kertas Konsep, Instrumen dan Aneks Penilaian Pengiktirafan Perpaduan di Sekolah Kementerian Pendidikan Malaysia Bawah Inisiatif #6 Pembangunan Nilai, Sahsiah dan Perpaduan Tahun 2025",16,28/04/2025,30/04/2025,En. Amri bin Azmi,DG12,Selesai,,10784,0,0,960,11744,10649.5,0,0,960,11609.5,,
SPHEMK,Unit Kokurikulum,Bengkel/Kerja,PERPADUAN (BSKK),"B4. Bengkel Kerja Perancangan, Penyelarasan dan Semakan Bahan Promosi Perpaduan di Bawah Inisiatif #6 Pembangunan Nilai, Sahsiah dan Perpaduan bagi Tahun 2025",1,18/05/2025,20/05/2025,En. Amri bin Azmi,DG12,Selesai,,0,0,0,0,0,0,0,0,0,0,,
SPHEMK,Unit Kokurikulum,Bengkel/Kerja,PERPADUAN (BSKK),"B5. Bengkel Kerja Analisis Data Penilaian Pengiktirafan Perpaduan di Sekolah Kementerian Pendidikan Malaysia Bawah Inisiatif #6 Pembangunan Nilai, Sahsiah dan Perpaduan Tahun 2025",15,02/09/2025,04/09/2025,En. Amri bin Azmi,DG12,Selesai,,14931.3,0,0,1350,16281.3,14931.3,0,0,1350,16281.3,,
SPHEMK,Unit Kokurikulum,Penilaian,PERPADUAN (BSKK),"B6. Penilaian Pengiktirafan Perpaduan di Sekolah Kementerian Pendidikan Malaysia Bawah Inisiatif #6 Pembangunan Nilai, Sahsiah dan Perpaduan Tahun 2025",110,03/08/2025,29/08/2025,En. Amri bin Azmi,DG12,Selesai,,208086,0,0,0,208086,194813.52,0,0,0,194813.52,,
SPHEMK,Unit Kokurikulum,Pemantauan,PERPADUAN (BSKK),"B7. Pemantauan Penilaian Pengiktirafan Perpaduan di Sekolah Kementerian Pendidikan Malaysia Bawah Inisiatif #6 Pembangunan Nilai, Sahsiah dan Perpaduan Tahun 2025",3,03/08/2025,29/08/2025,En. Amri bin Azmi,DG12,Selesai,,4537.5,0,0,0,4537.5,4537.5,0,0,0,4537.5,,
SPHEMK,Unit Kokurikulum,Bengkel/Kerja,PERPADUAN (BSKK),"B8. Bengkel Kerja Penulisan Rumusan Laporan Penilaian Pengiktirafan Perpaduan di Sekolah Kementerian Pendidikan Malaysia Bawah Inisiatif #6 Pembangunan Nilai, Sahsiah dan Perpaduan Tahun 2025",20,08/09/2025,11/09/2025,En. Amri bin Azmi,DG12,Selesai,,33400,0,0,3000,36400,28631.5,0,0,1800,30431.5,,
SPHEMK,Unit Kokurikulum,Mesyuarat,PERPADUAN (BSKK),"B9. Mesyuarat Penataran Penilaian Pengiktirafan Perpaduan Di Sekolah Kementerian Pendidikan Malaysia (Kpm) Bawah Inisiatif #6 Pembangunan Nilai, Sahsiah Dan Perpaduan Tahun 2025",20,22/07/2025,22/07/2025,En. Amri bin Azmi,DG12,Selesai,,0,0,0,600,600,0,0,0,600,600,,
SPHEMK,Unit Kokurikulum,Bengkel,PERPADUAN (BSKK),"B10. Bengkel Penataran Modul Pembangunan Nilai, Perpaduan dan Pembentukan Karekter IPG kepada Pelajar (Guru Pelatih) IPG Kampus Dato' Razali Ismail Tahun 2025",1,23/07/2025,24/07/2025,En. Amri bin Azmi,DG12,Selesai,,0,0,0,0,0,0,0,0,0,0,,
SPHEMK,Unit Kokurikulum,Bengkel,PERPADUAN (BSKK),"B11. Bengkel Kerja Post Mortem Penilaian Pengiktirafan Perpaduan di Sekolah KPM Bawah Inisiatif #6 Pembangunan Nilai, Sahsiah dan Perpaduan Tahun 2025",30,27/10/2025,30/07/2025,En. Amri bin Azmi,DG12,Selesai,,23515.5,0,0,0,23515.5,82238.1,0,0,3279,85517.1,,
SPHEMK,Unit Kokurikulum,Bengkel,PERPADUAN (BSKK),"B12. Bengkel Penjaminan Kualiti SKPM Kualiti @ Sekolah (SK@S) Bersama Pegawai Meja Pentaksiran Aktiviti Jasmani, Sukan Dan Kokurikulum (PAJSK), Jabatan Pendidikan Negeri Tahun 2025",2,29/09/2025,30/10/2025,En. Amri bin Azmi,DG12,Selesai,,,,,,0,,,,,0,,
SPHEMK,Unit Hal Ehwal Murid,Bengkel/Kerja,DSA(JN),C1. Bengkel Kerja Laporan Rumusan TMPP dan Kerangka Infografik,24,06/02/2025,07/02/2025,Pn. Junaida binti Mohamad Jonet,DG10,Selesai,,966.66,0,0,630,1596.66,966.66,0,0,630,1596.66,,
SPHEMK,Unit Hal Ehwal Murid,Tinjauan,DSA(JN),C2. Tinjauan Minggu Pertama Persekolahan (TMPP) Tahun 2025,300,16/02/2025,17/02/2025,Pn. Junaida binti Mohamad Jonet,DG10,Selesai,,17796.98,0,0,0,17796.98,20456.57,0,0,0,20456.57,,
SPHEMK,Unit Hal Ehwal Murid,Pemantauan,DSA(JN),C3. Pemantauan Tinjauan Minggu Pertama Persekolahan (TMPP) Tahun 2025,2,16/02/2025,17/02/2025,Pn. Junaida binti Mohamad Jonet,DG10,Selesai,,2467.56,0,0,0,2467.56,2467.56,0,0,0,2467.56,,
SPHEMK,Unit Hal Ehwal Murid,Bengkel/Kerja,DSA(JN),C4. Bengkel Kerja Analisis Data dan Penulisan Rumusan Tinjauan Minggu Pertama Persekolahan (TMPP) Tahun 2025,24,18/02/2025,21/02/2025,Pn. Junaida binti Mohamad Jonet,DG10,Selesai,,14764.31,0,0,2505,17269.31,14764.31,0,0,2505,17269.31,,
SPHEMK,Unit Hal Ehwal Murid,Uji Rintis,DSA(JN),"D1. Ujian Rintis Pemeriksaan Kantin, Koperasi dan Dapur Asrama Sekolah (PKKDAS) Tahun 2025",4,08/04/2025,09/04/2025,En. Abdul Rahim bin Abdullah,DG10,Selesai,,656,0,0,0,656,656,0,0,0,656,,
SPHEMK,Unit Hal Ehwal Murid,Pemeriksaan,DSA(JN),"D2. Pelaksanaan Pemeriksaan Kantin, Koperasi dan Dapur Asrama Sekolah (PKKDAS) Tahun 2025",140,04/05/2025,23/05/2025,En. Abdul Rahim bin Abdullah,DG10,Selesai,,60862.5,0,0,0,60862.5,60862.5,0,0,0,60862.5,,
SPHEMK,Unit Pemantapan Institusi Pendidikan,Bengkel,DSA(JN),E3. Bengkel Kerja Pemantapan Penulisan Laporan dan Peningkatan Profesional Pegawai Siasatan Aduan Siri 2 bagi Tahun 2025,24,02/09/2025,04/09/2025,En. Yusoff bin Yahaya,DG12,Selesai,,0,0,0,0,0,22357.7,0,0,0,22357.7,,
SPHEMK,Unit Pemantapan Institusi Pendidikan,Bengkel,DSA(JN),E4. Bengkel Kerja Pemantapan Penulisan Laporan dan Peningkatan Profesional Pegawai Siasatan Aduan Siri 3 bagi Tahun 2025,24,14/10/2025,17/10/2025,En. Yusoff bin Yahaya,DG13,Selesai,,0,0,0,0,0,23089.1,0,0,0,23089.1,,
SPHEMK,Unit Hal Ehwal Murid,Bengkel/Kerja,DSA(JN),D4. Bengkel Kerja Analisis Data Penulisan Rumusan PKKDAS Tahun 2025,20,21/05/2025,23/05/2025,En. Abdul Rahim bin Abdullah,DG10,Selesai,,9400,0,0,1800,11200,9400,0,0,1800,11200,,
SPHEMK,Unit Pemantapan Institusi Pendidikan,Bengkel,DSA(JN),E5. Bengkel Kerja Pemantapan Penulisan Laporan dan Peningkatan Profesional Pegawai Siasatan Aduan Zon Sabah dan Sarawak Siri 4 bagi Tahun 2025,15,04/11/2025,07/11/2025,En. Yusoff bin Yahaya,DG14,Selesai,,0,0,0,0,0,21400,0,0,0,21400,,
SPHEMK,Unit Kokurikulum,Bengkel,MAKmur,A8. Bengkel Kerja Post Mortem Penilaian Projek MAKMur Tahun 2025,15,14/10/2025,16/10/2025,Pn. Nordiana binti Khalid,DG12,Selesai,,,,,,,,,,,0,,
SPHEMK,Unit Pemantapan Institusi Pendidikan,Pemeriksaan,DSA(JN),E6. Pemeriksaan Khas Sekolah Menengah Sains Teluk Intan (SEMESTI) Tahun 2025,6,11/11/2025,14/11/2025,En. Muhamad Ikhwan bin Zainal,DG10,Belum bermula,,,,,,,6622.9,0,0,0,6622.9,,
SPHEMK,Unit Pemantapan Institusi Pendidikan,Bengkel,DSA(JN),E3. Bengkel Kerja Pemantapan Penulisan Laporan dan Peningkatan Profesional Pegawai Siasatan Aduan Siri 2 bagi Tahun 2025,24,02/09/2025,04/09/2025,En. Yusoff bin Yahaya,DG12,Selesai,,0,0,0,0,0,22357.7,0,0,0,22357.7,,
SPHEMK,Unit Pemantapan Institusi Pendidikan,Bengkel,DSA(JN),E4. Bengkel Kerja Pemantapan Penulisan Laporan dan Peningkatan Profesional Pegawai Siasatan Aduan Siri 3 bagi Tahun 2025,24,14/10/2025,17/10/2025,En. Yusoff bin Yahaya,DG13,Selesai,,0,0,0,0,0,23089.1,0,0,0,23089.1,,
SPHEMK,Unit Pemantapan Institusi Pendidikan,Bengkel,DSA(JN),"E7. BENGKEL KERJA KAJIAN SEMULA PROSEDUR OPERASI STANDARD (SOP) DAN TERMA RUJUKAN (TOR) SIASATAN ADUAN BAGI TAHUN 2025
",21,11/11/2025,14/11/2025,Puan Normalini binti Ramli,DG10,Belum bermula,,,,,,,31727.86,0,0,0,31727.86,,
SPHEMK,Unit Hal Ehwal Murid,Tinjauan,DSA(JN),C2. Tinjauan Minggu Pertama Persekolahan (TMPP) Tahun 2026,385,16/02/2026,17/02/2026,Pn. Junaida binti Mohamad Jonet,DG10,Belum bermula,,,,,,0,,,,,0,,
SPHEMK,Unit Hal Ehwal Murid,Pemeriksaan,DSA(JN),E2. Pelaksanaan Siasatan Aduan 2026,63,01/01/2026,31/12/2026,Puan Normalini binti Ramli,DG10,Dalam tindakan,,,,,,,,,,,,,
SPHEMK,Unit Pemantapan Institusi Pendidikan,Pemeriksaan,DSA(JN),E6. Pemeriksaan Khas Sekolah Menengah Sains Teluk Intan (SEMESTI) Tahun 2025,6,11/11/2025,14/11/2025,En. Muhamad Ikhwan bin Zainal,DG10,Belum bermula,,,,,,,6622.9,0,0,0,6622.9,,
SPHEMK,Unit Kokurikulum,Bengkel,PERPADUAN (BSKK),"B13. Bengkel Kerja Pemurnian Instrumen Penilaian Pengiktirafan Perpaduan bawah Inisiatif #6 Pembangunan Nilai, Sahsiah dan Perpaduan",7,12/11/2025,14/11/2025,En. Amri bin Azmi,DG12,Belum bermula,,,,,,,4847.6,0,0,0,4847.6,,
SPHEMK,Unit Hal Ehwal Murid,Bengkel,DSA(JN),D6. Bengkel Kerja Pembinaan Kertas Konsep dan Instrumen Tinjauan Minggu Pertama Persekolahan (TMPP) Tahun 2026,25,04/11/2025,07/11/2025,Pn. Junaida binti Mohamad Jonet,DG10,Dalam tindakan,,,,,,,26307.58,0,0,0,26307.58,,
SPHEMK,Unit Pemantapan Institusi Pendidikan,Bengkel,DSA(JN),"E7. BENGKEL KERJA KAJIAN SEMULA PROSEDUR OPERASI STANDARD (SOP) DAN TERMA RUJUKAN (TOR) SIASATAN ADUAN BAGI TAHUN 2025
",21,11/11/2025,14/11/2025,Puan Normalini binti Ramli,DG10,Belum bermula,,,,,,,31727.86,0,0,0,31727.86,,
SPHEMK,Unit Hal Ehwal Murid,Tinjauan,DSA(JN),C2. Tinjauan Minggu Pertama Persekolahan (TMPP) Tahun 2026,385,16/02/2026,17/02/2026,Pn. Junaida binti Mohamad Jonet,DG10,Belum bermula,,,,,,0,,,,,0,,
SSJK,Unit Jaminan Kualiti,Mesyuarat,DSA(JN),Audit Dalaman (Audit Silang),6,28/05/2025,20/06/2025,Dr. Nor Lizana binti Kamaruzaman,DG12,Selesai,,,0,0,4800,4800,0,0,0,5078.25,5078.25,,
SSJK,Unit Jaminan Kualiti,Bengkel,DSA(JN),Taklimat Pengurusan Risiko (MS ISO 9001:2015),350,20/02/2025,20/02/2025,Azilazura binti Abdullah,DG12,Selesai,,2300,0,0,,2300,2300,0,0,0,2300,,
SSJK,Unit Standard,Bengkel,DSA(JN),Bengkel Kerja Rumusan Laporan Kualiti Sekolah (PKS 2023/2024),,,,Normie Azura binti Abdul Jamil,DG12,Belum bermula,,8000,0,0,5000,13000,0,0,0,0,0,,
SSJK,Unit Standard,Bengkel,DSA(JN),"Bengkel Kerja Pemurnian Instrumen Saringan Portal, Penilaian Pengesahan Taraf Cemerlang dan Penilaian Kecemerlangan Institusi
Pendidikan",23,23/06/2025,26/06/2025,Normie Azura binti Abdul Jamil,DG12,Selesai,,10000,0,0,5000,15000,6152.08,0,0,16200,22352.08,,
SSJK,Unit Standard,Mesyuarat,DSA(JN),Mesyuarat Penyelarasan Pelaksanaan SKPM Kualiti@Sekolah Bersama Bahagian KPM,19,06/05/2025,06/05/2025,Normie Azura binti Abdul Jamil,DG12,Selesai,,0,0,0,900,900,0,0,0,570,570,,
SSJK,Unit Prasekolah,Bengkel,INISIATIF#59,Bengkel Kerja Penyediaan Dokumen SKPK 3.0 Bersama Task Force Jemaah Nazir Bil. 2 Tahun 2025,21,03/06/2025,05/06/2025,Wan Mohd Sidqi bin Wan Abdul Ghafar,DG12,Selesai,,16430.04,0,0,1890,18320.04,0,0,0,0,0,,
SSJK,Unit Standard,Bengkel,DSA(JN),Penataran Pengesahan Taraf Cemerlang,43,,,Normie Azura binti Abdul Jamil,DG12,Selesai,,0,0,0,0,0,0,0,0,0,0,,
SSJK,Unit Prasekolah,Bengkel,INISIATIF#59,Bengkel Kerja Semakan Dokumen Standard Kualiti Prasekolah Kebangsaan (SKPK) 2.0 dan Pembangunan SKPK 3.0 Bersama Task Force Jemaah Nazir Tahun 2025,18,21/01/2025,24/01/2025,Dr. Nor Lizana binti Kamaruzaman,DG12,Selesai,,7950,1620,0,0,9570,7950,1620,0,0,9570,,
SSJK,Unit Prasekolah,Bengkel,INISIATIF#59,"Bengkel Kerja Semakan SKPK 2.0 dan Pembangunan SKPK 3.0 Bersama-sama Pakar, Bahagian KPM dan Agensi Bil.1/2025",33,12/02/2025,14/02/2025,Dr. Nor Lizana binti Kamaruzaman,DG12,Selesai,,11947,1485,0,0,13432,11947,1485,0,0,13432,,
SSJK,Unit Prasekolah,Bengkel,INISIATIF#59,Bengkel Kerja Penyediaan Dokumen SKPK 3.0 Bersama Task Force Jemaah Nazir Bil. 2 Tahun 2025,21,03/06/2025,05/06/2025,Wan Mohd Sidqi bin Wan Abdul Ghafar,DG12,Selesai,,16430.04,0,0,1890,18320.04,0,0,0,0,0,,
SSJK,Unit Prasekolah,Bengkel,INISIATIF#59,Bengkel Kerja Penyediaan Dokumen SKPK 3.0 Bersama Task Force Jemaah Nazir Bil. 1 Tahun 2025,,11/03/2025,13/03/2025,Wan Mohd Sidqi bin Wan Abdul Ghafar,DG12,Selesai,,10834.1,0,0,0,10834.1,10834.1,0,0,0,10834.1,,
SSJK,Unit Prasekolah,Bengkel,INISIATIF#59,"Bengkel Kerja Penyediaan Dokumen Standard  Kualiti Prasekolah Kebangsaan SKPK 3.0 Bersama-sama Pakar, Bahagian KPM dan Agensi Bil.1/2025",38,28/04/2025,30/04/2025,Wan Mohd Sidqi bin Wan Abdul Ghafar,DG12,Selesai,,7214.44,0,0,15681.6,22896.04,7214.44,0,0,15681.6,22896.04,,
SSJK,Unit Prasekolah,Mesyuarat,INISIATIF#59,Mesyuarat Penyelarasan Model Pendidikan Prasekolah Malaysia Bil.1 Tahun 2025,37,24/06/2025,24/06/2025,Wan Mohd Sidqi bin Wan Abdul Ghafar,DG12,Selesai,,0,0,0,0,0,0,0,0,0,0,,
SSJK,Unit Jaminan Kualiti,Bengkel,DSA(JN),Bengkel Pembangunan Dashboard Status Tindakan Terhadap Perakuan Menteri Pendidikan (STTPMP),12,28/07/2025,30/07/2025,Zamzarina binti Ibrahim,DG12,Dalam tindakan,,13000,0,0,0,13000,9306,0,0,0,9306,,
SSJK,Unit Prasekolah,Bengkel,INISIATIF#59,Bengkel Kerja Penyediaan Dokumen SKPK 3.0 Bersama Task Force Jemaah Nazir Bil. 3 Tahun 2025,20,19/08/2025,21/08/2025,Wan Mohd Sidqi bin Wan Abdul Ghafar,DG12,Selesai,,7606.94,0,0,1940,9546.94,7606.94,0,0,1940,9546.94,,
SSJK,Unit Prasekolah,Tinjauan,DSA(JN),Tinjauan Lapangan Ke Prasekolah Cadangan Model Pendidikan Prasekolah Malaysia,13,15/08/2025,05/09/2025,Wan Mohd Sidqi bin Wan Abdul Ghafar,DG12,Selesai,,20000,0,0,0,20000,19999.7,0,0,0,19999.7,,
SSJK,Unit Prasekolah,Pemeriksaan,INISIATIF#59,Pemeriksaan Verifikasi Skor Penilaian Kendiri Standard Kualiti Prasekolah Kebangsaan (PK-SKPK) 2.0 Sesi Akademik 2024/2025,240,21/09/2025,10/10/2025,Wan Mohd Sidqi bin Wan Abdul Ghafar,DG12,Dalam tindakan,,120000,0,0,0,120000,119999.94,0,0,0,119999.94,,
SSJK,Unit Prasekolah,Bengkel,INISIATIF#59,"Bengkel Kerja Pemurnian Dokumen Standard Kualiti Prasekolah Kebangsaan (SKPK) 3.0 Bersama Pakar, Bahagian KPM dan Agensi Tahun 2025",37,14/10/2025,16/10/2025,Wan Mohd Sidqi bin Wan Abdul Ghafar,DG12,Belum bermula,,0,0,0,0,0,0,0,0,0,0,,
SSJK,Unit Standard,Penilaian,DSA(JN),Penilaian Pengesahan Taraf Cemerlang Tahun 2025,150,28/09/2025,10/10/2025,Normie Azura binti Abdul Jamil,DG12,Selesai,,200000,0,0,0,200000,0,0,0,0,0,,
SSJK,Unit Standard,Penilaian,DSA(JN),Penilaian Pengiktirafan Kecemerlangan Institusi Pendidikan MADANI Tahun 2025,200,12/10/2025,17/10/2025,Normie Azura binti Abdul Jamil,DG12,Selesai,,75000,0,0,0,75000,0,0,0,0,0,,
SSJK,Unit Standard,Bengkel,DSA(JN),Bengkel Kerja Penilaian Video Kisah Inspirasi Sekolah dan Penyediaan Rumusan Penilaian Pengiktirafan Kecemerlangan Institusi Pendidikan MADANI Tahun 2025,50,26/10/2025,29/10/2025,Normie Azura binti Abdul Jamil,DG12,Selesai,,25000,0,0,0,25000,0,0,0,0,0,,
SSJK,Unit Prasekolah,Bengkel,INISIATIF#59,"Bengkel Kerja Penulisan Rumusan Laporan Pemeriksaan Verifikasi Skor Penilaian Kendiri Standard Kualiti Prasekolah Kebangsaan (PK-SKPK 2.0) Sesi Akademik 2024/2025
",20,26/10/2025,30/10/2025,Wan Mohd Sidqi bin Wan Abdul Ghafar,DG12,Dalam tindakan,,33358,0,0,0,33358,33358,0,0,0,33358,,
SSJK,Unit Prasekolah,Bengkel,INISIATIF#59,Bengkel Kerja Pemantapan Instrumen SKPK 3.0 Bersama Task Force Jemaah Nazir Tahun 2025,28,04/11/2025,06/11/2025,Wan Mohd Sidqi bin Wan Abdul Ghafar,DG12,Belum bermula,,37763.5,0,0,0,37763.5,37763.5,0,0,0,37763.5,,
SSJK,Unit Standard,Bengkel,DSA(JN),Bengkel Kerja Penilaian Video Kisah Inspirasi Sekolah dan Penyediaan Rumusan Penilaian Pengiktirafan Kecemerlangan Institusi Pendidikan MADANI Tahun 2025,50,26/10/2025,29/10/2025,Normie Azura binti Abdul Jamil,DG12,Selesai,,25000,0,0,0,25000,0,0,0,0,0,,
SSJK,Unit Prasekolah,Bengkel,INISIATIF#59,"Bengkel Kerja Penulisan Rumusan Laporan Pemeriksaan Verifikasi Skor Penilaian Kendiri Standard Kualiti Prasekolah Kebangsaan (PK-SKPK 2.0) Sesi Akademik 2024/2025
",20,26/10/2025,30/10/2025,Wan Mohd Sidqi bin Wan Abdul Ghafar,DG12,Dalam tindakan,,33358,0,0,0,33358,33358,0,0,0,33358,,
SSJK,Unit Prasekolah,Bengkel,INISIATIF#59,Bengkel Kerja Penyelarasan Pemilihan Model Pendidikan Prasekolah Malaysia,10,10/11/2025,11/11/2025,Wan Mohd Sidqi bin Wan Abdul Ghafar,DG12,Belum bermula,,0,0,0,500,500,0,0,0,500,500,,
SSJK,Unit Prasekolah,Bengkel,INISIATIF#59,Bengkel Kerja Pemantapan Instrumen SKPK 3.0 Bersama Task Force Jemaah Nazir Tahun 2025,28,04/11/2025,06/11/2025,Wan Mohd Sidqi bin Wan Abdul Ghafar,DG12,Belum bermula,,37763.5,0,0,0,37763.5,37763.5,0,0,0,37763.5,,
SSJK,Unit Standard,Bengkel,DSA(JN),Bengkel Kerja Post Mortem Pengisian Dan Penyediaan Laporan Pengisian SK@S Tahun 2024 ,31,09/11/2025,13/11/2025,Normie Azura binti Abdul Jamil,DG12,Belum bermula,,0,0,0,0,0,0,0,0,0,0,,
SSJK,Unit Prasekolah,Bengkel,INISIATIF#59,Bengkel Kerja Penyelarasan Pemilihan Model Pendidikan Prasekolah Malaysia,10,10/11/2025,11/11/2025,Wan Mohd Sidqi bin Wan Abdul Ghafar,DG12,Belum bermula,,0,0,0,500,500,0,0,0,500,500,,
SSJK,Unit Standard,Bengkel,DSA(JN),BENGKEL KERJA PERSEDIAAN PENGISIAN        SKPM KUALITI@SEKOLAH (SK@S) TAHUN 2025,29,04/11/2025,07/11/2025,Normie Azura binti Abdul Jamil,DG12,Dalam tindakan,,0,0,0,0,0,0,0,0,0,0,,
SSJK,Unit Standard,Bengkel,DSA(JN),Bengkel Kerja Post Mortem Pengisian Dan Penyediaan Laporan Pengisian SK@S Tahun 2024 ,31,09/11/2025,13/11/2025,Normie Azura binti Abdul Jamil,DG12,Belum bermula,,0,0,0,0,0,0,0,0,0,0,,
SPKN,Unit Latihan Kompetensi Asas,Kursus,DSA(JN),Modul Bimbingan Nazir Sekolah Novis Siri 1 ,30,01/01/2025,30/06/2025,Pn. Rosnita binti Abdullah,DG12,Dalam tindakan,Modul dilaksanakan secara berterusan bergantung kepada bilangan NSB yang telah selesai menjalani Modul Perantisan berakhir Jun 2025,0,0,0,0,0,35000,0,0,0,35000,,
SPKN,Unit Latihan Kompetensi Berterusan,Kursus,DSA(JN),"Lead Ahead Talk Jemaah Nazir 
Siri 1 Tahun 2025
",384,22/01/2025,22/01/2025,Pn. Noraini binti Hasbollah,DG13,Selesai,,60,0,0,400,460,2000,0,0,1000,3000,,
SPKN,Unit Latihan Kompetensi Berterusan,Kursus,DSA(JN),"Lead Ahead Talk Jemaah Nazir 
Siri 2 Tahun 2025
",384,10/03/2025,10/03/2025,Pn. Faridahanum binti Ahmad,DG12,Selesai,,0,0,0,0,0,2000,0,0,1000,3000,,
SPKN,Unit Latihan Kompetensi Berterusan,Kursus,DSA(JN),Bengkel Kerja Training of Trainers (TOT) Pemeriksaan Penuh 2025,56,04/03/2025,06/03/2025,Pn. Faridahanum binti Ahmad,DG12,Selesai,,0,0,0,0,0,35000,0,0,3500,38500,,
SPKN,Unit Latihan Kompetensi Asas,Kursus,LDP (BPG),Bengkel Training of Trainers (TOT) Mentor Jemaah Nazir Tahun 2025 ,45,11/03/2025,13/03/2025,Hjh. Zunaini binti Mohamad Tahir,DG12,Selesai,Lanjutan akan diteruskan dengan Program Coaching and Mentoring,0,0,0,0,0,18929.9,0,0,4444.68,23374.58,,
SPKN,Unit Latihan Kompetensi Berterusan,Kursus,DSA(JN),"Lead Ahead Talk Jemaah Nazir 
Siri 2 Tahun 2025
",384,10/03/2025,10/03/2025,Pn. Faridahanum binti Ahmad,DG12,Selesai,,0,0,0,0,0,2000,0,0,1000,3000,,
SPKN,Unit Latihan Kompetensi Berterusan,Kursus,DSA(JN),Bengkel Kerja Training of Trainers (TOT) Pemeriksaan Penuh 2025,56,04/03/2025,06/03/2025,Pn. Faridahanum binti Ahmad,DG12,Selesai,,0,0,0,0,0,35000,0,0,3500,38500,,
SPKN,Unit Latihan Kompetensi Asas,Kursus,LDP (BPG),Bengkel Training of Trainers (TOT) Mentor Jemaah Nazir Tahun 2025 ,45,11/03/2025,13/03/2025,Hjh. Zunaini binti Mohamad Tahir,DG12,Selesai,Lanjutan akan diteruskan dengan Program Coaching and Mentoring,0,0,0,0,0,18929.9,0,0,4444.68,23374.58,,
SPKN,Unit Latihan Kompetensi Asas,Kursus,DSA(JN),Program Pentauliahan Nazir Sekolah - Modul Nazir Sekolah Novis Siri 1,15,05/05/2025,08/05/2025,Hjh. Zunaini binti Mohamad Tahir,DG12,Selesai,,0,0,0,0,0,20000,0,0,7000,27000,,
SPKN,Unit Latihan Kompetensi Berterusan,Bengkel,DSA(JN),Bengkel Kerja Penyediaan Dokumen Kurikulum Latihan Nazir Sekolah Fasa 1,10,22/04/2025,24/04/2025,Pn. Faridahanum binti Ahmad,DG12,Dalam tindakan,Peringkat Sektor SPKN,0,0,0,0,0,0,0,0,0,0,,
SPKN,Unit Latihan Kompetensi Berterusan,Kursus,LDP (BPG),Latihan Pembangunan Kompetensi Pemeriksaan Dan Pelaporan Zon Sarawak Siri 1,40,17/06/2025,20/06/2025,Pn. Faridahanum binti Ahmad,DG12,Dalam tindakan,Dalam perancangan dan tindakan,27261.3,0,0,17840,45101.3,0,0,0,0,0,,
SPKN,Unit Latihan Kompetensi Berterusan,Kursus,LDP (BPG),Bengkel Training of Trainer (TOT) Mentor Jemaah Nazir Tahun 2025 Siri 2,30,17/06/2025,19/06/2025,Pn. Rosnita binti Abdullah,DG12,Dipinda,Telah dilaksanakan Siri 1 dan akan diteruskan dengan Program Coaching and Mentoring kerjasama IAB,0,0,0,0,0,0,0,0,0,0,,
SPKN,Unit Latihan Kompetensi Berterusan,Kursus,DSA(JN),Lead Ahead Talk (Siri 3),384,13/05/2025,19/05/2025,Pn. Faridahanum binti Ahmad,DG12,Selesai,,0,0,0,0,0,2000,0,0,1000,3000,,
SPKN,Unit Latihan Kompetensi Berterusan,Kursus,LDP (BPG),Kursus Komunikasi Berkesan Di Tempat Kerja,,24/06/2025,26/06/2025,Pn. Faridahanum binti Ahmad,DG12,Dipinda,Akan dilaksana dalam Program Lead Ahead Talk,0,0,0,0,0,0,0,0,0,0,,
SPKN,Unit Latihan Kompetensi Berterusan,Kursus,LDP (BPG),Latihan Pembangunan Kompetensi Pemeriksaan Dan Pelaporan Zon Utara Siri 2,50,01/07/2025,03/07/2025,Pn. Faridahanum binti Ahmad,DG12,Dalam tindakan,Dalam perancangan dan tindakan,25359.4,0,0,16595,41954.4,0,0,0,0,0,,
SPKN,Unit Latihan Kompetensi Berterusan,Kursus,LDP (BPG),Kursus Pengurusan Kewangan,,08/10/2025,10/10/2025,Pn. Faridahanum binti Ahmad,DG12,Dipinda,Akan dilaksana dalam Program Lead Ahead Talk,0,0,0,0,0,0,0,0,0,0,,
SPKN,Unit Latihan Kompetensi Berterusan,Kursus,LDP (BPG),Kursus Kepimpinan Digital Untuk Middle Leaders Jemaah Nazir,30,15/07/2025,17/07/2025,Pn. Faridahanum binti Ahmad,DG12,Belum bermula,Dalam perancangan dan tindakan,0,0,0,0,0,0,0,0,0,0,,
SPKN,Unit Latihan Kompetensi Berterusan,Kursus,DSA(JN),Lead Ahead Talk (Siri 4),384,29/07/2025,29/07/2025,Pn. Faridahanum binti Ahmad,DG12,Selesai,Dalam perancangan dan tindakan,0,0,0,0,0,2000,0,0,1000,3000,,
SPKN,Unit Latihan Kompetensi Berterusan,Kursus,LDP (BPG),Kursus Kepimpinan Digital Untuk Middle Leaders Jemaah Nazir,30,15/07/2025,17/07/2025,Pn. Faridahanum binti Ahmad,DG12,Belum bermula,Dalam perancangan dan tindakan,0,0,0,0,0,0,0,0,0,0,,
SPKN,Unit Latihan Kompetensi Berterusan,Kursus,DSA(JN),Lead Ahead Talk (Siri 4),384,29/07/2025,29/07/2025,Pn. Faridahanum binti Ahmad,DG12,Selesai,Dalam perancangan dan tindakan,0,0,0,0,0,2000,0,0,1000,3000,,
SPKN,Unit Latihan Kompetensi Berterusan,Kursus,DSA(JN),Latihan Pembangunan Kompetensi Pemeriksaan Dan Pelaporan Zon Sabah Siri 3,50,05/08/2025,07/08/2025,Pn. Faridahanum binti Ahmad,DG12,Belum bermula,Dalam perancangan dan tindakan,19019.51,0,0,12446.5,31466.01,0,0,0,0,0,,
SPKN,Unit Latihan Kompetensi Berterusan,Kursus,DSA(JN),Kursus Kepimpinan Berprestasi Tinggi Untuk Pengurusan Tertinggi Jemaah Nazir,30,19/08/2025,21/08/2025,Pn. Faridahanum binti Ahmad,DG12,Belum bermula,Dalam perancangan dan tindakan,0,0,0,0,0,0,0,0,0,0,,
SPKN,Unit Latihan Kompetensi Berterusan,Kursus,DSA(JN),Kursus Kepimpinan Berprestasi Tinggi Untuk Pengurusan Tertinggi Jemaah Nazir,30,19/08/2025,21/08/2025,Pn. Faridahanum binti Ahmad,DG12,Belum bermula,Dalam perancangan dan tindakan,0,0,0,0,0,0,0,0,0,0,,
SPKN,Unit Latihan Kompetensi Berterusan,Kursus,LDP (BPG),Bengkel Pemantapan Setiausaha Latihan Dalam Perkhidmatan (SULDP),28,02/09/2025,04/09/2025,Pn. Faridahanum binti Ahmad,DG12,Belum bermula,Dalam perancangan dan tindakan,44792.8,0,0,3057,47849.8,0,0,0,0,0,,
SPKN,Unit Latihan Kompetensi Asas,Kursus,DSA(JN),Program Pentauliahan Nazir Sekolah - Modul Nazir Sekolah Novis Siri 2,30,22/09/2025,25/09/2025,Pn. Rosnita binti Abdullah,DG12,Belum bermula,Dalam perancangan dan tindakan,0,0,0,0,0,0,0,0,0,0,,
SPKN,Unit Latihan Kompetensi Berterusan,Kursus,LDP (BPG),Kursus Coaching dan Mentoring Untuk Nazir Sekolah (Kerjasama dengan IAB),30,23/09/2025,25/09/2025,Pn. Faridahanum binti Ahmad,DG12,Belum bermula,Dalam perancangan dan tindakan,0,0,0,0,0,0,0,0,0,0,,
SPKN,Unit Latihan Kompetensi Berterusan,Kursus,DSA(JN),Kursus Training Of Trainer (TOT) Lead Auditor Jemaah Nazir,350,14/10/2025,16/10/2025,Pn. Faridahanum binti Ahmad,DG12,Belum bermula,Dalam perancangan dan tindakan,0,0,0,0,0,0,0,0,0,0,,
SPKN,Unit Latihan Kompetensi Berterusan,Lawatan Penandaarasan,DSA(JN),Lawatan Penandaarasan Penaziran (Singapura),15,22/10/2025,24/10/2025,Pn. Faridahanum binti Ahmad,DG12,Belum bermula,Dalam perancangan dan tindakan,0,0,0,0,0,0,0,0,0,0,,
SPKN,Unit Latihan Kompetensi Berterusan,Kursus,LDP (BPG),Kursus Coaching dan Mentoring Untuk Nazir Sekolah (Kerjasama dengan IAB),30,23/09/2025,25/09/2025,Pn. Faridahanum binti Ahmad,DG12,Belum bermula,Dalam perancangan dan tindakan,0,0,0,0,0,0,0,0,0,0,,
SPKN,Unit Latihan Kompetensi Berterusan,Bengkel Kerja,DSA(JN),Bengkel Penilaian Kertas Cadangan bagi Penganugerahan Geran Penyelidikan Geran Penyelidikan IPGM,,31/07/2025,01/08/2025,Pn. Faridahanum binti Ahmad,DG12,Selesai,,0,0,0,0,0,0,0,0,0,0,,
SPKN,Unit Latihan Kompetensi Berterusan,Lawatan Penandaarasan,DSA(JN),Lawatan Penandaarasan Penaziran (Singapura),15,22/10/2025,24/10/2025,Pn. Faridahanum binti Ahmad,DG12,Belum bermula,Dalam perancangan dan tindakan,0,0,0,0,0,0,0,0,0,0,,
SPKN,Unit Latihan Kompetensi Berterusan,Bengkel Kerja,DSA(JN),Bengkel Penilaian Kertas Cadangan bagi Penganugerahan Geran Penyelidikan Geran Penyelidikan IPGM,,31/07/2025,01/08/2025,Pn. Faridahanum binti Ahmad,DG12,Selesai,,0,0,0,0,0,0,0,0,0,0,,
SPKN,Unit Latihan Kompetensi Asas,Kursus,DSA(JN),Modul Bimbingan Nazir Sekolah Novis Siri 2,,01/07/2025,31/12/2025,Dr. Aryati binti Abd Rahman,DG12,Selesai,,,,,,,,,,,,,
SPKN,Unit Latihan Kompetensi Berterusan,Kursus,LDP (BPG),Chief Inspector (CI) Mastery Programme Tahun 2025,24,16/11/2025,19/11/2025,Dr. Aryati binti Abd Rahman,DG12,Selesai,,8422.7,0,0,35910.7,44333.4,,,,,,,
SPKN,Unit Latihan Kompetensi Asas,Kursus,DSA(JN),Program Pentauliahan Nazir Sekolah: Modul Bimbingan Nazir Sekolah Novis Siri 1 Tahun 2026,2,25/01/2026,31/03/2026,Dr. Aryati binti Abd Rahman,DG12,Dalam tindakan,,,,,,,,,,,,,
SPKN,Unit Latihan Kompetensi Asas,Kursus,DSA(JN),Program Pentauliahan Nazir Sekolah: Modul Bimbingan Nazir Sekolah Novis Siri 1 Tahun 2026,2,25/01/2026,31/03/2026,Dr. Aryati binti Abd Rahman,DG12,Dalam tindakan,,,,,,,,,,,,,
SDTM,Unit Data,Bengkel Kerja,DSA (JN),"Bengkel Kerja Penyediaan dan Penginterasian Data Bagi Pembangunan Dashboard Pemantauan Pemeriksaan Penilaian Aktitiviti Uji Rintis Aktiviti Bukan Pemeriksaan Jemaah Nazir",12,19/03/2025,21/03/2025,Dr. Dayang Suryati binti Abang Ibrahim,DG12,Selesai,,3990,0,0,0,3990,3990,0,0,0,3990,,
SDTM,Unit Teknologi Maklumat,Lawatan Penandaarasan,DSA (JN),Lawatan ke Studio TV dan Studio Radio Institut Penyiaran dan Penerangan Tun Abdul Razak (IPPTAR),11,,,Pn. Siti Suhana binti Abdullah,DG12,Dibatalkan,Tiada peruntukan kewangan,300,0,0,0,300,0,0,0,0,0,,
SDTM,Unit Teknologi Maklumat,Kursus,DSA (JN),Kursus Hands-on Pengurusan Data dan Peralatan ICT,27,,,Pn. Siti Suhana binti Abdullah,DG12,Dibatalkan,Tiada peruntukan kewangan,810,0,0,0,810,0,0,0,0,0,,
SDTM,Unit Data,Bengkel Kerja,DSA (JN),Bengkel Kerja Penyelarasan Data dan Teknologi Maklumat Jemaah Nazir ,30,27/10/2025,29/10/2025,Dr. Dayang Suryati binti Abang Ibrahim,DG12,Belum bermula,,13000,0,0,15000,28000,17099,0,0,13500,30599,,
SDTM,Unit Teknologi Maklumat,Kursus,DSA (JN),Kursus Hands-on Pengurusan Data dan Peralatan ICT,27,,,Pn. Siti Suhana binti Abdullah,DG12,Dibatalkan,Tiada peruntukan kewangan,810,0,0,0,810,0,0,0,0,0,,
SDTM,Unit Data,Bengkel Kerja,DSA (JN),Bengkel Kerja Penyelarasan Data dan Teknologi Maklumat Jemaah Nazir ,30,27/10/2025,29/10/2025,Dr. Dayang Suryati binti Abang Ibrahim,DG12,Belum bermula,,13000,0,0,15000,28000,17099,0,0,13500,30599,,
SDTM,Unit Teknologi Maklumat,Bengkel Kerja,DSA (JN),Bengkel Kerja Pengurusan Maklumat Pemeriksaan Sekolah dan ICT Siri 2 Tahun 2025,,,,Pn. Siti Suhana binti Abdullah,DG12,Dibatalkan,Tiada peruntukan kewangan,26250,0,0,0,26250,0,0,0,0,0,,
SDTM,Unit Data,Mesyuarat,DSA (JN),Mesyuarat JK Pemandu ICT JN 2025 ,,,,Dr. Dayang Suryati binti Abang Ibrahim,DG12,Dibatalkan,,918,0,0,2100,3018,0,0,0,0,0,,
SDTM,Unit Teknologi Maklumat,Acara/Majlis,DSA (JN),Safer Internet Day 2025 peringkat Jemaah Nazir,,,,Pn. Siti Suhana binti Abdullah,DG12,Dibatalkan,Tiada peruntukan kewangan,0,0,0,3280,3280,0,0,0,0,0,,
SDTM,Unit Data,Bengkel,DSA (JN),"Bengkel Kerja Analisis Data dan Penulisan laporan Tinjauan Pelaksanaan Kelas Hibrid Tahun 2025",7,27/10/2025,31/10/2025,Low Swee Sing,DG14,Selesai,,6000,0,0,0,6000,6000,0,0,0,6000,,
SDTM,Unit Data,Tinjauan,DSA (JN),Tinjauan Pelaksanaan Kelas Hibrid Tahun 2025,34,13/10/2025,24/10/2025,Low Swee Sing,DG14,Selesai,,20000,0,0,0,20000,20000,0,0,0,20000,,
SDTM,Unit Data,Bengkel,DSA (JN),"Bengkel Kerja Analisis Data dan Penulisan laporan Tinjauan Pelaksanaan Kelas Hibrid Tahun 2025",7,27/10/2025,31/10/2025,Low Swee Sing,DG14,Selesai,,6000,0,0,0,6000,6000,0,0,0,6000,,
SP,,Pemeriksaan,PENGURUSAN,Pemantauan Pejabat Jemaah Nazir Negeri,50,01/07/2025,30/09/2025,Izzatul Fadhilah bt Abdullah Zawawi,WA9,Belum bermula,,918,0,0,2100,3018,0,0,0,0,0,,
SP,,Mesyuarat,PENGURUSAN,Program lain-lain anjuran bahagian / kementerian lain,400,01/05/2025,31/12/2025,Izzatul Fadhilah bt Abdullah Zawawi,WA9,Belum bermula,,,0,0,,0,,0,0,,0,,
SP,,Mesyuarat,PENGURUSAN,Tuntutan perjalanan pemandu,50,01/05/2025,31/12/2025,Izzatul Fadhilah bt Abdullah Zawawi,WA9,Belum bermula,,,,,,0,,,,,,,
SP,,Kursus,PENGURUSAN (BPSM),Kursus Pengurusan Kenderaan Jabatan,30,19/06/2025,19/06/2025,Izzatul Fadhilah bt Abdullah Zawawi,WA9,Selesai,,,,,,0,,,,,,,
SP,,Bengkel,PENGURUSAN,Bengkel Kerja Pengurusan Kewangan Jemaah Nazir tahun 2025,50,10/09/2025,12/09/2025,Izzatul Fadhilah bt Abdullah Zawawi,WA9,Selesai,,20000,0,0,20000,40000,,,,,,,
SP,,Pemeriksaan,PENGURUSAN,Tuntutan bayaran balik parkir bulanan,400,01/01/2026,31/12/2026,Izzatul Fadhilah bt Abdullah Zawawi,WA9,Dalam tindakan,,30000,0,0,0,30000,0,0,0,0,0,,
SP,,Pemeriksaan,PENGURUSAN,Tuntutan Elaun Motosikal,400,01/01/2026,31/12/2026,Izzatul Fadhilah bt Abdullah Zawawi,WA9,Dalam tindakan,,30000,0,0,0,30000,0,0,0,0,0,,
SP,,Pemeriksaan,PENGURUSAN,Tuntutan bayaran balik parkir bulanan,400,01/01/2026,31/12/2026,Izzatul Fadhilah bt Abdullah Zawawi,WA9,Dalam tindakan,,30000,0,0,0,30000,0,0,0,0,0,,
SP,,Pemeriksaan,PENGURUSAN,Tuntutan Elaun Motosikal,400,01/01/2026,31/12/2026,Izzatul Fadhilah bt Abdullah Zawawi,WA9,Dalam tindakan,,30000,0,0,0,30000,0,0,0,0,0,,
SDP,,Mesyuarat,DSA(JN),Mesyuarat Permuafakatan Bersama-sama Bahagian KPM Tahun 2025,25,15/04/0202,15/04/2025,Puan Suraya Sari binti Abd. Aziz,DG12,Dalam tindakan,,0,0,0,5000,5000,0,0,0,1800,1800,,
SDP,,Mesyuarat,DSA(JN),Mesyuarat Pembentangan Rumusan Laporan JN kepada Bahagian KPM dan JPN Tahun 2025,30,,,Puan Suraya Sari binti Abd. Aziz,DG12,Belum bermula,Enam laporan ,0,0,0,1800,1800,0,0,0,1280,1280,,
SDP,,Mesyuarat,DSA(JN),Mesyuarat Pengurusan Ketua Nazir Sekolah Bil 1,40,03/02/2025,04/02/2025,Pn. Faridahanum binti Ahmad,DG12,Selesai,,30000,0,0,4500,34500,18003.62,0,0,1940,19943.62,,
SDP,,Mesyuarat,DSA(JN),Mesyuarat Pembentangan Rumusan Laporan JN kepada Bahagian KPM dan JPN Tahun 2025,30,,,Puan Suraya Sari binti Abd. Aziz,DG12,Belum bermula,Enam laporan ,0,0,0,1800,1800,0,0,0,1280,1280,,
SDP,,Mesyuarat,DSA(JN),Mesyuarat Pengurusan Ketua Nazir Sekolah Bil 1,40,03/02/2025,04/02/2025,Pn. Faridahanum binti Ahmad,DG12,Selesai,,30000,0,0,4500,34500,18003.62,0,0,1940,19943.62,,
SDP,,Mesyuarat,DSA(JN),Mesyuarat Pembentangan Rumusan Laporan JN kepada YB Menteri Pendidikan,30,28/01/2025,28/01/2025,Puan Suraya Sari binti Abd. Aziz,DG12,Selesai,7LKG & Reformasi Pendidikan,0,0,0,1000,1000,0,0,0,320,320,,
SDP,,Mesyuarat,DSA(JN),Mesyuarat Pengurusan Ketua Nazir Sekolah Bil 2,40,14/05/2025,16/05/2025,Pn. Azidah binti Abdul Aziz,DG13,Selesai,,30000,0,0,4500,34500,30800,0,0,19980,50780,,
SDP,,Mesyuarat,DSA(JN),Mesyuarat Pengurusan Tertinggi Jemaah Nazir,15,01/01/2025,30/06/2025,Pn. Azidah binti Abdul Aziz,DG13,Dalam tindakan,,0,0,0,2460,2460,0,0,0,0,0,,
SDP,,Mesyuarat,DSA(JN),Mesyuarat Pembentangan Rumusan Laporan JN kepada YB Menteri Pendidikan,30,28/01/2025,28/01/2025,Puan Suraya Sari binti Abd. Aziz,DG12,Selesai,7LKG & Reformasi Pendidikan,0,0,0,1000,1000,0,0,0,320,320,,
SDP,,Acara/Majlis,DSA(JN),Perhimpunan Bulanan JN,165,24/02/2025,24/02/2025,Puan Suraya Sari binti Abd. Aziz,DG12,Selesai,,0,0,0,1750,1750,0,0,0,0,0,,
SDP,,Mesyuarat,DSA(JN),Mesyuarat Rumusan Laporan Tinjauan Sekolah Vertikal Tahun 2025,20,04/06/2025,06/06/2025,Encik Nadimin bin Abdul Aziz,DG13,Selesai,Peruntukan daripada Program PEMANDU,2000,0,0,1750,3750,2000,0,0,0,2000,,
SDP,,Mesyuarat,DSA(JN),Mesyuarat Semakan Perancangan Strategik JN,5,10/02/2025,10/02/0205,Puan Faridahanum binti Ahmad,DG12,Selesai,,0,0,0,1750,1750,0,0,0,0,0,,
SDP,,Mesyuarat,DSA(JN),Mesyuarat Penyelarasan Sesi Libat Urus Pelan Strategik Jemaah Nazir 2026-2030 bersama Bahagian KPM,63,30/04/2025,30/04/2025,Pn. Azidah binti Abdul Aziz,DG13,Selesai,Peruntukan Bengkel Kerja Perancangan Strategik JN,18250,0,0,16350,34600,6572.56,0,0,1890,8462.56,,
SDP,,Bengkel Kerja,DSA(JN),Bengkel Kerja Penulisan Pelan Strategik Jemaah Nazir Tahun 2026-2030 Siri 1/2025,20,17/06/2025,19/06/2025,Pn. Azidah binti Abdul Aziz,DG13,Belum bermula,Peruntukan Bengkel Kerja Perancangan Strategik JN (OS21000) dan Lain-lain (OS29000),11677.44,0,0,9880,21557.44,1949.8,0,0,1940,3889.8,,
SDP,,Tinjauan,DSA(JN),"Tinjauan Pelaksanaan Pendidikan STEM Sekolah Menengah di Kuching, Sarawak ",51,16/06/2025,26/06/2025,Pn. Azidah binti Abdul Aziz,DG13,Belum bermula,Peruntukan MPKNS ,11196.38,0,0,0,11196.38,722.5,0,0,0,722.5,,
SDP,,Bengkel Kerja,DSA(JN),"Bengkel Kerja Penyediaan Rumusan Tinjauan Pelaksanaan Pendidikan STEM Sekolah Menengah di Kuching, Sarawak",15,27/06/2025,27/06/2025,Pn. Azidah binti Abdul Aziz,DG13,Belum bermula,Peruntukan Lain-Lain,0,0,0,7940,7940,0,0,0,225,225,,
SDP,,Mesyuarat,DSA(JN),Mesyuarat Pengurusan Ketua Nazir Sekolah Bil 3,37,12/08/2025,14/08/2025,Pn. Azidah binti Abdul Aziz,DG13,Dalam tindakan,Peruntukan MPKNS ,"RM16,639.50",0,0,"RM19,160","RM19,160",,,,,0,,
SDP,,Pemeriksaan,DSA(JN),"Audit Keselamatan Asrama, Keberadaan Guru dan PLC Tahun 2025",300,02/09/2025,30/11/2025,Tuan Haji Nadimin bin Abdul Aziz,DG13,Dalam tindakan,,,,,"RM360,00.00",,,,,,0,,
SDP,,Bengkel Kerja,DSA(JN),BENGKEL KERJA ANALISIS DATA GCPC (PERUNTUKAN BENGKEL KERJA PENYEDIAAN TAKWIM),5,10/09/2025,12/09/2025,Cik Siti Azeana / Puan Fazleena,DG12,Dalam tindakan,,4749,,,,,,,,,0,,
SDP,,Bengkel,DSA(JN),BENGKEL KERJA PENULISAN PELAN STRATEGIK JEMAAH NAZIR 2026-2030 SIRI 2 TAHUN 2025,20,23/09/2025,25/09/2025,Pn. Azidah binti Abdul Aziz,DG13,Dalam tindakan,Peruntukan MPKNS ,"RM7,781.81",,,,,,,,,0,,
SDP,,Mesyuarat,DSA(JN),MESYUARAT PENGURUSAN KETUA NAZIR SEKOLAH BILANGAN 4 TAHUN 2025,39,27/10/2025,29/10/2025,Pn. Azidah binti Abdul Aziz,DG13,Dalam tindakan,Peruntukan MPKNS ,"RM42,000.00",,,"RM30,000.00","RM72,000.00",,,,,0,,
SDP,,Acara/Majlis,DSA(JN),Majlis NYALA: Kisah Reformasi Pendidikan,34,12/11/2025,12/11/2025,Pn. Azidah binti Abdul Aziz,DG13,Dalam tindakan,Peruntukan AKIPM Tahun 2025,"RM30,000.00",,,,,,,,,0,,
SDP,,Bengkel Kerja,DSA(JN),BENGKEL KERJA ANALISIS DATA GCPC (PERUNTUKAN BENGKEL KERJA PENYEDIAAN TAKWIM),5,10/09/2025,12/09/2025,Cik Siti Azeana / Puan Fazleena,DG12,Dalam tindakan,,4749,,,,,,,,,0,,
SDP,,Mesyuarat,DSA(JN),Mesyuarat Pengurusan Ketua Nazir Sekolah Bil 1/2026,39,03/02/2026,05/02/2026,Cik Noradlina binti Mohd,DG12,Selesai,,,,,,,28086.5,,,19106.4,47192.9,,
SDP,,Mesyuarat,DSA(JN),MESYUARAT PENGURUSAN KETUA NAZIR SEKOLAH BILANGAN 4 TAHUN 2025,39,27/10/2025,29/10/2025,Pn. Azidah binti Abdul Aziz,DG13,Dalam tindakan,Peruntukan MPKNS ,"RM42,000.00",,,"RM30,000.00","RM72,000.00",,,,,0,,
SDP,,Acara/Majlis,DSA(JN),Majlis NYALA: Kisah Reformasi Pendidikan,34,12/11/2025,12/11/2025,Pn. Azidah binti Abdul Aziz,DG13,Dalam tindakan,Peruntukan AKIPM Tahun 2025,"RM30,000.00",,,,,,,,,0,,
SDP,,Mesyuarat,DSA(JN),Mesyuarat Pengurusan Ketua Nazir Sekolah Bil 1/2026,39,03/02/2026,05/02/2026,Cik Noradlina binti Mohd,DG12,Selesai,,,,,,,28086.5,,,19106.4,47192.9,,
SDP,,Bengkel,DSA(JN),Bengkel Kerja Pengurusan Pra Persidangan Dewan Negara bagi Mesyuarat Pertama Penggal Kelima Parlimen Kelima belas Tahun 2026 Peringkat KPM,1,10/02/2026,12/02/2026,En. Amri bin Azmi,DG12,,,,,,,,,,,,,,
SPK,Unit Bahasa dan Kesusasteraan,Bengkel,MBMMBI (IPGM),BENGKEL KERJA PEMURNIANBAHAN PEMERIKSAAN DASAR MEMARTABATKAN BAHASA MELAYU MEMPERKUKUH BAHASA INGGERIS (MBMMBI) TAHUN 2026,8,05/11/2025,07/11/2025,CIK SHARMILA A/P SATHASIVAM,DG10,Selesai,SELESAI,5632.02,0,0,0,5632.02,5632.02,0,0,0,5632.02,,
SPK,Unit Teknik Vokasional,Bengkel Kerja,DSA(JN),KURSUS INDUKSI PENTAULIAHAN PERSIJILAN KEMAHIRAN MALAYSIA,22,01/11/2025,02/11/2025,"WAN ,EZANIE BINTI WAN ZAINAL ABIDIN",DG12,Selesai,SELESAI,8238.7,0,0,0,8238.7,8238.7,0,0,0,8238.7,,
SPK,Unit Bahasa dan Kesusasteraan,Bengkel,MBMMBI (IPGM),BENGKEL KERJA PENULISAN  RUMUSAN LAPORAN TINJAUAN PELAKSANAAN PROGRAM SEKOLAH PENGAJAR (TPPSP) TAHUN 2026,20,16/03/2026,18/03/2026,SHARIDAH BINTI MAARUS,DG12,Belum bermula,Akan dilaksnakan pada 16-18 Mac 2026,8334.2,0,0,6900,15324.2,8334.2,0,0,6900,15324.2,,
SPK,Unit Sains dan Matematik,Bengkel,DSA(JN),BENGKEL KERJA ANALISIS DATA DAN PENULISAN RUMUSAN LAPORAN P-SBP2026,30,23/02/2026,26/02/2026,MOHD FAROL BIN MOHD FAUDZI,DG10,Belum bermula,Akan dilaksanakan pada 23-26 feb 2026,9000,,,19605,28605,,,,,,,
SPHEMK,Unit Kokurikulum,Penilaian,MAKmur,A4. Penilaian Model Sekolah Projek Memperkasa Amalan Kemenjadian Murid (MAKMur) Tahun 2025,36,04/05/2025,23/05/2025,Pn. Nordiana binti Khalid,DG12,Selesai,,32000,0,0,0,32000,32000,0,0,0,32000,,
SPHEMK,Unit Kokurikulum,Bengkel/Kerja,MAKmur,A6. Bengkel Kerja Analisis Data Penilaian Model Sekolah Projek MAKMur Tahun 2025,20,03/06/2025,06/06/2025,Pn. Nordiana binti Khalid,DG12,Selesai,,5174.8,0,0,14070,19244.8,5174.8,0,0,14070,19244.8,,
SPHEMK,Unit Hal Ehwal Murid,Pemantauan,DSA(JN),"D3. Pemantauan Pemeriksaan Kantin, Koperasi dan Dapur Asrama Sekolah (PKKDAS) Tahun 2025",2,04/05/2025,23/05/2025,En. Abdul Rahim bin Abdullah,DG10,Selesai,,1765,0,0,0,1765,1765,0,0,0,1765,,
SPHEMK,Unit Hal Ehwal Murid,Bengkel/Kerja,DSA(JN),D5. Bengkel Kerja Penulisan Laporan PKKDAS Tahun 2025,25,27/05/2025,30/05/2025,En. Abdul Rahim bin Abdullah,DG10,Selesai,,26320,0,0,3000,29320,26320,0,0,3000,29320,,
SPHEMK,Unit Pemantapan Institusi Pendidikan,Bengkel/Kerja,DSA(JN),E1. Bengkel Kerja Peningkatan Profesional Pegawai Siasatan Aduan,20,28/04/2025,30/04/2025,En. Yusoff bin Yahaya,DG12,Selesai,,23000,0,0,0,23000,21966,0,0,0,21966,,
SPHEMK,Unit Pemantapan Institusi Pendidikan,Pemeriksaan,DSA(JN),E2. Pelaksanaan Siasatan Aduan 2025,400,01/01/2025,31/12/2025,En. Yusoff bin Yahaya,DG12,Dalam tindakan,,27000,0,0,0,27000,18124.38,0,0,0,18124.38,,
SSJK,Unit Jaminan Kualiti,Pemeriksaan,DSA(JN),Bengkel Kerja Rumusan Laporan Audit Dalaman Jemaah Nazir,11,18/06/2025,20/06/2025,Dr. Nor Lizana binti Kamaruzaman,DG12,Selesai,,,0,0,12665.5,12665.5,0,0,0,12883.6,12883.6,,
SPKN,Unit Latihan Kompetensi Berterusan,Bengkel,PLAN (BPK),Kursus Penyediaan Bahan Pembentangan Menggunakan Kecedasan Buatan,,13/05/2025,15/05/2025,Pn. Faridahanum binti Ahmad,DG12,Belum bermula,Dalam perancangan dan tindakan,0,0,0,0,0,0,0,0,0,0,,
SPKN,Unit Latihan Kompetensi Berterusan,Bengkel,LDP (BPG),Bengkel Kerja Penyediaan Dokumen Kurikulum Latihan Nazir Sekolah Fasa 2,10,10/06/2025,12/06/2025,Pn. Faridahanum binti Ahmad,DG12,Dalam tindakan,Peringkat Sektor SPKN,0,0,0,0,0,0,0,0,0,0,,
SPKN,Unit Latihan Kompetensi Berterusan,Kursus,LDP (BPG),Bengkel Penggunaan Aplikasi AI dalam Pelaporan Jemaah Nazir,20,09/09/2025,11/09/2025,Pn. Faridahanum binti Ahmad,DG12,Belum bermula,Dalam perancangan dan tindakan,0,0,0,0,0,0,0,0,0,0,,
SDTM,Unit Teknologi Maklumat,Acara/Majlis,DSA (JN),Innovation in Inspectorate Solutions Competition (IISC) 2025,,,,Pn. Siti Suhana binti Abdullah,DG12,Dibatalkan,Tiada peruntukan kewangan,0,0,0,1750,1750,0,0,0,0,0,,
SDP,,Bengkel Kerja,DSA(JN),Bengkel Kerja Perancangan Strategik Jemaah Nazir Tahun 2026-2030,40,19/03/2025,21/03/2025,Pn. Azidah binti Abdul Aziz,DG13,Selesai,,20000,0,0,1750,21750,946,0,0,15120,16066,,
SDP,Unit Perancangan,Tinjauan,DSA(JN),Tinjauan Sekolah Vertikal Tahun 2025,18,26/05/2025,28/05/2025,Encik Nadimin bin Abdul Aziz,DG13,Selesai,Peruntukan daripada Program PEMANDU,18000,0,0,1750,19750,13381.58,0,0,0,13381.58,,